subhalo_id,snap,sim,kappa_rot,vrot_sigma,vrot_kms,sigma_kms,n_star,r_half_kpc,log_mstar,sfr,passes_kappa,passes_vsig,passes_npart,passes_all,fail_reason,kappa_min_used
87127,50,TNG50-1,0.5023,0.346,140.47,406.18,1831749,1.366917626217892,11.082641756956082,79.4646,True,False,True,False,V/σ=0.35,0.4
169401,50,TNG50-1,0.5021,0.11,50.67,459.44,2510294,1.928476527900797,11.203630853547676,79.3914,True,False,True,False,V/σ=0.11,0.4
156083,50,TNG50-1,0.487,0.538,174.5,324.08,2379147,4.054472984942427,11.189113933159916,76.8278,True,False,True,False,V/σ=0.54,0.4
257247,50,TNG50-1,0.4969,0.488,122.07,249.97,1011374,3.319161499852377,10.823156055670182,71.64,True,False,True,False,V/σ=0.49,0.4
174075,50,TNG50-1,0.536,0.577,221.29,383.68,2535201,2.626365515205196,11.209662209673724,53.9324,True,False,True,False,V/σ=0.58,0.4
233979,50,TNG50-1,0.398,0.234,70.54,300.83,1203647,1.4300265721877767,10.89384592644961,53.0351,False,False,True,False,κ=0.40  V/σ=0.23,0.4
5,50,TNG50-1,0.415,0.035,11.53,333.14,1661583,4.075583111898435,11.011055869732573,51.8383,True,False,True,False,V/σ=0.04,0.4
79613,50,TNG50-1,0.4441,0.347,144.29,415.3,2433926,2.539046353705344,11.187705523813673,51.8058,True,False,True,False,V/σ=0.35,0.4
184805,50,TNG50-1,0.2774,0.166,46.12,277.82,2039295,5.704605845881311,11.116380155495095,51.7735,False,False,True,False,κ=0.28  V/σ=0.17,0.4
148668,50,TNG50-1,0.5489,0.552,170.12,308.36,2566353,6.330233244759374,11.214109849750416,50.1727,True,False,True,False,V/σ=0.55,0.4
