sim,snap,subhalo_id,med_abs_err,mean_err,n_draws,redshift,incl_img_deg,vel_fill_frac,v_amp_kms,r50_light_kpc
TNG50-1,40,189576,0.03497624441826582,-0.012908740028051374,10,1.5,79.7084211136868,0.16552734375,270.18749084472654,0.9264485332524549
TNG50-1,40,116691,0.030069472548236848,0.0027111134724330907,10,1.5,45.900178953890745,0.687835693359375,258.58193817138675,2.8764697754609947
TNG50-1,40,153454,0.02981686109866142,-0.029353240007274628,10,1.5,78.21292105430403,0.1431427001953125,349.14666748046875,0.9978156073785002
TNG50-1,59,172232,0.029320501395721434,-0.002795518129990578,10,0.7,49.1341658899089,0.3765716552734375,240.26378936767577,5.647537856260073
TNG50-1,50,130254,0.026091784643602366,0.02437755937148571,10,1.0,53.40687947187563,0.3355560302734375,332.4213409423828,1.891407702136989
TNG50-1,59,277306,0.024741795401792527,0.006950387545469283,10,0.7,66.82798725038441,0.45623779296875,244.0464660644531,4.090666330243843
TNG50-1,67,376440,0.021837337540731434,-0.0020743835902242653,10,0.5,38.06404603835508,0.662811279296875,157.09435272216797,5.805809846913316
TNG50-1,50,292785,0.01954082519748211,0.008420177812911989,10,1.0,61.6302871662117,0.5431671142578125,232.65364074707028,1.0899067522112271
TNG50-1,67,269551,0.018394271772694586,-0.010141850286727904,10,0.5,30.445645106378265,0.9145965576171875,140.00449066162108,4.394921857640432
TNG50-1,59,355595,0.01798741731397152,0.0018726968591794985,10,0.7,57.39477286909385,0.667816162109375,205.11892318725586,6.017210119893863
TNG50-1,50,123138,0.017963326050810816,0.006653539438526153,10,1.0,39.44420453695786,0.788909912109375,187.2250274658203,3.9679694421883624
TNG50-1,40,36236,0.017808248691620825,0.01693290401026535,10,1.5,73.82350628270946,0.60565185546875,331.04508514404296,1.3489294257681255
TNG50-1,59,338901,0.017742311019539832,-0.008727270558185576,10,0.7,23.484409003724856,0.707122802734375,127.39296073913573,5.561778503945759
TNG50-1,67,385414,0.01770635739603043,-0.00948414477453041,10,0.5,32.67794024240952,0.8234405517578125,186.15869445800777,5.808174739006061
TNG50-1,59,278396,0.017364199868416787,0.009942729881777763,10,0.7,67.4550305425022,0.8343658447265625,268.4593505859375,3.34446637331961
TNG50-1,40,77694,0.017158653598027228,0.0002864591232233062,10,1.5,37.3020574344969,0.7164154052734375,269.0177764892578,1.7401455943262691
TNG50-1,40,36235,0.01671818922958851,-0.003255915012581824,10,1.5,72.80017673158945,0.681396484375,504.7424011230469,1.8398810704813573
TNG50-1,40,207043,0.016517148051710128,0.009019782227420807,10,1.5,68.44698263292968,0.4892730712890625,259.8388916015625,2.5256557104201924
TNG50-1,67,294406,0.016285729654283522,0.011795360612703325,10,0.5,62.237792597515536,0.7885284423828125,151.520849609375,5.904319811090913
TNG50-1,40,164301,0.01616073045095444,-0.013178696971410752,10,1.5,64.8681043250903,0.6790924072265625,243.00607604980465,2.942549889724153
TNG50-1,40,238569,0.016100153017778396,-0.0019287819911584854,10,1.5,63.63099619919784,0.3061676025390625,251.80143127441406,1.1270732848635552
TNG50-1,67,312340,0.01573134583952427,-0.004976379814663888,10,0.5,49.62739775376286,0.77471923828125,288.177001953125,5.720022591499585
TNG50-1,50,176324,0.01569888970967293,-0.0045351921012010575,10,1.0,16.96556220905888,0.9106292724609375,133.69196166992182,5.2178055142718405
TNG50-1,40,127069,0.015512835907573703,0.01937426918933296,10,1.5,75.86128625799836,0.62603759765625,373.2526519775391,2.7395319673971
TNG50-1,50,87129,0.015486639812474253,0.0033577958806142796,10,1.0,55.86150171298267,0.606475830078125,186.34072494506836,2.5526977629834335
TNG50-1,67,146972,0.015344054887804985,-0.005576838122751235,10,0.5,35.33060591836132,0.7237396240234375,146.11558532714844,7.043446453225376
TNG50-1,67,377355,0.015294899632844926,0.0069573303382644645,10,0.5,75.42814334290875,0.671844482421875,212.82949295043943,1.0899067522112271
TNG50-1,59,242629,0.015285139429020881,0.0006334991466798778,10,0.7,57.78511297209821,0.663299560546875,149.08577957153318,2.261749109252201
TNG50-1,67,371170,0.01514698296640396,-0.0023891837971172325,10,0.5,28.491838398501535,0.3488311767578125,134.6619415283203,2.437105587080323
TNG50-1,40,196834,0.014746399070129394,0.002141316513754844,10,1.5,64.89667429258672,0.6713714599609375,237.10900115966794,2.7143519113829226
TNG50-1,40,114862,0.014723609565992356,0.002438307680575371,10,1.5,77.63622299068659,0.4350433349609375,444.5360870361328,1.7558582887232457
TNG50-1,40,178140,0.014649896304574011,0.006465795788326262,10,1.5,27.371819927622006,0.433319091796875,232.1764251708984,0.4462367054217134
TNG50-1,50,278928,0.01443367692378044,-0.00657461337066269,10,1.0,66.39949560667566,0.157318115234375,323.68214721679686,0.4462367054217134
TNG50-1,67,297999,0.014392565787711144,-0.000943112198581695,10,0.5,24.43733521985259,0.4809722900390625,211.2574462890625,3.624296975201277
TNG50-1,67,293092,0.014294911615462301,0.0061625132932672496,10,0.5,72.55098764620453,0.5511627197265625,249.0246124267578,5.319460628386408
TNG50-1,40,226914,0.014089084101614954,-0.006602398655936241,10,1.5,74.7873169780713,0.4692840576171875,219.6031982421875,0.5558691199514729
TNG50-1,67,289152,0.014050825690999028,0.01143546554787445,10,0.5,22.426927730268268,0.6573944091796875,299.18958740234376,5.100686060817273
TNG50-1,67,279682,0.013890375438232423,0.0018657906705474847,10,0.5,60.32595161038536,0.428741455078125,230.5505661010742,2.66842911017243
TNG50-1,67,355961,0.013674516655831335,0.010416499603722092,10,0.5,17.13825512625808,0.7076416015625,181.84757614135742,3.4336137478086592
TNG50-1,50,287560,0.013263057972779274,0.007621034183073043,10,1.0,78.31984701098914,0.3173980712890625,230.28623962402344,0.5040424961157789
TNG50-1,50,217773,0.013040395828299522,0.002779541112952233,10,1.0,30.331012294390852,0.6854248046875,163.57656097412104,3.7435858230382704
TNG50-1,40,236236,0.013023074006972318,-0.003162614825299263,10,1.5,55.45343028509239,0.1776885986328125,227.26589660644532,1.1511845334602637
TNG50-1,67,311366,0.012493729562025071,-0.0032868766534433352,10,0.5,64.88326879905404,0.3279571533203125,218.28679809570306,1.6758222241494247
TNG50-1,40,247397,0.012257590130257606,-0.011868928832213401,10,1.5,55.27898182520891,0.40887451171875,243.1148567199707,0.8651263511855508
TNG50-1,40,225428,0.012214005425238608,0.010879284286959648,10,1.5,71.7137181176441,0.2577972412109375,287.60010986328126,1.4184045043254145
TNG50-1,50,202095,0.012164881621747017,0.004920923747966767,10,1.0,65.51678250355224,0.5240631103515625,232.81002807617188,3.7104234841377104
TNG50-1,67,77280,0.01215270629388809,0.0010230541906642919,10,0.5,79.97921299977932,0.235443115234375,232.66481018066406,3.248652252100573
TNG50-1,40,179803,0.012134595846271514,-0.0014956769668798438,10,1.5,38.00151743529907,0.4892578125,192.67099456787108,0.7639690318596855
TNG50-1,40,170919,0.01202287758309841,0.0040519549651641855,10,1.5,57.785483102833865,0.386810302734375,249.5966079711914,1.4753529271891608
TNG50-1,50,197030,0.01198068684302807,0.004572020582933425,10,1.0,15.685942333641094,0.4289093017578125,372.23701171874995,0.7639690318596855
TNG50-1,50,214137,0.011770309757771493,-0.006091246098574161,10,1.0,23.304061943340503,0.69732666015625,375.4511245727539,3.5900328942282163
TNG50-1,59,232104,0.01158871736084938,0.0029014802703762055,10,0.7,67.33768362943925,0.845001220703125,313.54251251220694,4.3855376721478665
TNG50-1,50,5,0.01150141710395813,-0.00952248185577774,10,1.0,50.94616325165958,0.7940521240234375,294.86573791503906,3.413557421163166
TNG50-1,40,122852,0.011336980199170111,-0.009265060266814232,10,1.5,66.01081249761481,0.39373779296875,268.5421478271484,0.4143203796014927
TNG50-1,59,128024,0.011178991450333594,-0.006318493839763642,10,0.7,64.17536912992959,0.833282470703125,257.00558929443355,5.215172917982023
TNG50-1,50,202094,0.011086988614838124,0.0017697097225413305,10,1.0,52.91157063601432,0.416107177734375,229.74558334350584,0.7817381287574023
TNG50-1,67,178499,0.010883491298737526,-0.003813255026887894,10,0.5,22.505763285131497,0.7485504150390625,98.9704956054687,4.863634211589172
TNG50-1,59,138899,0.010728853536114693,0.007850408488890648,10,0.7,72.4284142121344,0.6397857666015625,242.7929504394531,1.8248919729371995
TNG50-1,67,349548,0.01038213078169346,-0.012790363221718786,10,0.5,72.81124570323358,0.5961456298828125,236.4168701171875,5.499703139183116
TNG50-1,40,125535,0.010295063744244576,0.009525659274211885,10,1.5,47.991666274021824,0.39483642578125,395.19044494628906,0.8651263511855508
TNG50-1,67,379569,0.010261798392748834,0.001642901851038933,10,0.5,24.508925150438593,0.7504425048828125,105.62449645996094,8.34133018808395
TNG50-1,50,213279,0.010257702111051084,0.007567363412730693,10,1.0,64.10632542378515,0.7110748291015625,249.00497436523438,3.0389771437242046
TNG50-1,40,102573,0.010219408968281747,-0.00017830116904449418,10,1.5,78.31717874653721,0.8411407470703125,324.33003540039056,0.7639690318596855
TNG50-1,67,384936,0.010212117965025903,-0.009435261931075096,10,0.5,48.853638304961514,0.3854827880859375,195.33041076660157,2.9934468221355
TNG50-1,50,171738,0.009963702669487,0.0016801615740795139,10,1.0,74.72851202772584,0.451904296875,408.33492279052734,1.8398810704813573
TNG50-1,59,338415,0.009470747652335167,-0.0016687277827920912,10,0.7,54.20160974893656,0.7218017578125,200.2854148864746,3.950626835399431
TNG50-1,59,359874,0.009253768672566413,0.001914077478113173,10,0.7,75.2655069809297,0.3242950439453125,239.9616699218749,2.168760412889267
TNG50-1,40,131685,0.0090946375309515,0.0035758088398947716,10,1.5,71.4188602852827,0.80474853515625,328.68683013916,1.1270732848635552
TNG50-1,40,119693,0.008964154238562585,0.0011136917699403768,10,1.5,40.08559870297029,0.6229400634765625,300.3708557128906,1.1864330116005812
TNG50-1,67,184180,0.00884500479724407,0.0005584124476175298,10,0.5,74.10904610244866,0.39666748046875,270.4134063720703,1.913065748122794
TNG50-1,40,15218,0.008635768497509955,-0.0026768141175088876,10,1.5,61.0427126447693,0.253814697265625,257.51940917968744,1.6758222241494247
TNG50-1,40,267973,0.00848248065863609,-0.006073316256654262,10,1.5,40.148095793347565,0.6470794677734375,151.4203918457031,1.891407702136989
TNG50-1,59,379270,0.008452557730588915,0.006228794847009659,10,0.7,51.18912256693803,0.1500701904296875,246.6754608154297,2.231183527108567
TNG50-1,50,283589,0.008355212540950775,0.008463477638223648,10,1.0,28.193885448130835,0.5024871826171875,151.04898834228516,3.311454176002685
TNG50-1,67,342970,0.008286857970957757,0.007332191424777984,10,0.5,50.95350513284638,0.192413330078125,329.83303222656247,3.97833871799249
TNG50-1,67,160813,0.007924762686562538,0.002466906201134682,10,0.5,14.236053152497512,0.8329620361328125,220.075146484375,6.648260775412666
TNG50-1,50,257926,0.007575623658022883,-0.0019147396441669448,10,1.0,45.742500395712945,0.5694580078125,186.87311859130853,1.708286687942959
TNG50-1,50,216435,0.0072301631742715845,0.0005819601803636554,10,1.0,65.413117822637,0.74908447265625,221.6325584411621,3.311454176002685
TNG50-1,40,141038,0.007226721483368875,0.002633777883446216,10,1.5,50.67794394606718,0.511322021484375,275.43807525634764,2.4873029621239597
TNG50-1,67,115154,0.006786740042681694,0.001994428168927192,10,0.5,50.778822906182484,0.519287109375,296.896806335449,2.0381867731554006
TNG50-1,59,254370,0.006538182854962351,0.013218697132645608,10,0.7,66.64794958720942,0.63958740234375,302.8499221801758,3.453553600380791
TNG50-1,59,329661,0.005839167630472183,0.0005638552628426556,10,0.7,76.05083215578355,0.480255126953125,302.55924530029296,3.149925013058347
TNG50-1,50,188936,0.005371787918519975,0.001898791344689369,10,1.0,20.20476134213934,0.8173980712890625,218.99872436523435,2.803942057970015
TNG50-1,50,227888,0.005278030212187767,0.006348700768372536,10,1.0,60.527751356535006,0.5114593505859375,289.8185668945312,4.209788659379544
TNG50-1,40,162442,0.004514739597578048,0.002715598024750709,10,1.5,39.50023522565929,0.63873291015625,177.72071075439445,2.4087661864563827
TNG50-1,59,280787,0.004474144009509087,0.002775458239936828,10,0.7,49.96940542900117,0.776824951171875,214.67673034667968,4.989078036892501
TNG50-1,50,245604,0.004201665346636772,0.0011933662377061846,10,1.0,79.0830743496004,0.65753173828125,240.02878112792968,1.913065748122794
