sim,snap,redshift,subhalo_id,g1,g2,inclination,theta_int
TNG50-1,40,1.5,-1,0.01523585,0.01687873,1.28092483,0.78534645
TNG50-1,40,1.5,-1,-0.05199921,0.07037409,0.64478931,-0.4822569
TNG50-1,40,1.5,-1,0.03752256,0.00452925,1.23392883,-1.18164795
TNG50-1,40,1.5,-1,0.04702824,0.03219694,0.43308672,-1.44215766
TNG50-1,40,1.5,-1,-0.09755176,-0.10250861,0.79314143,0.87129913
TNG50-1,40,1.5,-1,-0.06510898,-0.00243592,1.37019102,-0.03235922
TNG50-1,40,1.5,-1,0.00639202,-0.04216151,1.39553461,1.52536943
TNG50-1,40,1.5,-1,-0.01581213,-0.06094065,1.3573644,-0.11003913
TNG50-1,40,1.5,-1,-0.00084006,-0.04390762,0.84887651,1.50142047
TNG50-1,40,1.5,-1,-0.0426522,-0.01670617,0.61069949,-0.27779218
TNG50-1,40,1.5,-1,0.0439699,0.04579513,1.19907617,0.92262969
TNG50-1,40,1.5,-1,0.0388896,-0.06631964,0.53929143,-1.30432872
TNG50-1,40,1.5,-1,0.00330153,0.00153157,1.35274172,0.1742381
TNG50-1,40,1.5,-1,0.05636206,-0.02420847,0.61143082,0.94894881
TNG50-1,40,1.5,-1,0.02337547,-0.01638365,0.39868136,1.33423964
TNG50-1,40,1.5,-1,-0.04296462,0.05013789,0.65104372,1.01342467
TNG50-1,40,1.5,-1,0.01843754,0.02690577,0.74437071,-1.45464936
TNG50-1,40,1.5,-1,-0.04794413,0.06686991,0.55705752,-0.39991739
TNG50-1,40,1.5,-1,0.04392252,-0.00772528,1.36689263,-1.41780556
TNG50-1,40,1.5,-1,-0.0024963,-0.03479713,1.23085612,-1.22747588
TNG50-1,40,1.5,-1,-0.00924312,-0.01119294,1.2961903,0.55073888
TNG50-1,40,1.5,-1,-0.03404648,0.01212484,0.95367801,0.66997038
TNG50-1,40,1.5,-1,0.06112707,0.00882867,0.68622471,0.85991889
TNG50-1,40,1.5,-1,-0.00772647,-0.0542194,0.82257072,1.14811561
TNG50-1,40,1.5,-1,-0.02141639,0.00452449,0.53656834,0.75219614
TNG50-1,40,1.5,-1,-0.01760668,0.01141142,1.27060278,0.94521598
TNG50-1,40,1.5,-1,0.02661546,0.1258737,0.69962568,-1.4169723
TNG50-1,40,1.5,-1,0.0182722,0.09384223,1.23835681,-0.83398242
TNG50-1,40,1.5,-1,0.02063663,-0.04266217,1.17091541,0.38295315
TNG50-1,40,1.5,-1,0.02154105,-0.01436917,0.73017073,1.12508383
TNG50-1,40,1.5,-1,0.10708238,-0.0731721,0.26902506,-1.55665877
TNG50-1,40,1.5,-1,-0.02032075,-0.02953535,0.8427959,0.04595943
TNG50-1,40,1.5,-1,-0.02561214,0.01578025,1.35500771,0.55696479
TNG50-1,40,1.5,-1,-0.04068864,0.06029268,0.83761259,-1.47778228
TNG50-1,40,1.5,-1,0.03079897,-0.03645419,1.36507299,-0.30990066
TNG50-1,40,1.5,-1,0.05644861,-0.03270732,0.48169036,1.24292364
TNG50-1,40,1.5,-1,-0.00569737,-0.10736445,0.73056709,0.53913754
TNG50-1,40,1.5,-1,-0.04200782,-0.0081333,1.25537408,-0.82417056
TNG50-1,40,1.5,-1,-0.04122406,-0.05312072,1.32402922,1.10829461
TNG50-1,40,1.5,-1,0.03252964,-0.02647197,1.24649426,-0.47742336
TNG50-1,40,1.5,-1,0.03716271,-0.04384304,0.26956585,1.11006502
TNG50-1,40,1.5,-1,0.02715771,-0.00471313,0.99863922,-0.63163715
TNG50-1,40,1.5,-1,-0.03327549,-0.08788642,0.63486684,0.28374944
TNG50-1,40,1.5,-1,0.01160807,-0.07335226,0.81547701,-0.32377233
TNG50-1,40,1.5,-1,0.00583429,0.10646236,0.88449698,-0.70740797
TNG50-1,40,1.5,-1,0.01093443,-0.06437113,1.279142,1.2144064
TNG50-1,40,1.5,-1,0.04357144,-0.05483928,0.35873695,-0.98145339
TNG50-1,40,1.5,-1,0.01117978,0.09184568,1.14385938,-1.30435285
TNG50-1,40,1.5,-1,0.03394568,0.14525336,0.87861428,-0.49660117
TNG50-1,40,1.5,-1,0.00337895,-0.05857833,0.7423895,0.68373355
TNG50-1,40,1.5,-1,0.01445597,-0.01841245,0.80110925,0.96582487
TNG50-1,40,1.5,-1,0.03156441,0.01707778,0.37106377,1.56684851
TNG50-1,40,1.5,-1,-0.07285779,0.08643488,1.27634223,-0.63974747
TNG50-1,40,1.5,-1,-0.01598356,-0.04934285,0.94987666,-0.28920889
TNG50-1,40,1.5,-1,-0.02351863,-0.01226389,1.05034106,-1.1409596
TNG50-1,40,1.5,-1,-0.03194389,0.03886688,0.98352575,0.2352171
TNG50-1,40,1.5,-1,-0.01375711,0.0217383,1.30098957,1.56319379
TNG50-1,40,1.5,-1,0.07474707,-0.0188078,1.28846325,0.63108631
TNG50-1,40,1.5,-1,-0.04329156,-0.00669115,1.16447159,0.29911996
TNG50-1,40,1.5,-1,0.04841392,-0.06874479,1.14086523,-0.33813247
TNG50-1,40,1.5,-1,-0.08414349,-0.01190869,1.02790787,1.30469953
TNG50-1,40,1.5,-1,-0.01674425,-0.01331937,0.84339917,-0.0096868
TNG50-1,40,1.5,-1,0.00813765,0.01160849,0.8174549,-1.14867022
TNG50-1,40,1.5,-1,0.02931112,-0.02776636,1.04306465,-0.42292603
TNG50-1,40,1.5,-1,0.03556133,0.02357693,1.04590137,-1.35978601
TNG50-1,40,1.5,-1,0.03966736,0.05063579,1.21720638,-0.93626047
TNG50-1,40,1.5,-1,-0.01743625,0.00777147,0.86773814,-1.51528821
TNG50-1,40,1.5,-1,-0.02311759,0.01758782,1.12984299,-0.14677547
TNG50-1,40,1.5,-1,0.04289879,0.00265777,1.37027607,0.42267071
TNG50-1,40,1.5,-1,-0.00956522,4.22e-06,1.03687501,-0.49231125
TNG50-1,40,1.5,-1,-0.06378432,-0.0360779,0.98356084,-0.25012804
TNG50-1,40,1.5,-1,-0.05666436,0.01582471,1.2103202,1.44264848
TNG50-1,40,1.5,-1,-0.04597261,-0.00486433,0.88445009,0.79156549
TNG50-1,40,1.5,-1,0.02485804,0.10465842,0.89143197,0.12835491
TNG50-1,40,1.5,-1,0.00712129,0.07866775,0.73971795,-0.6768848
TNG50-1,40,1.5,-1,0.03452427,0.01929233,0.80255743,1.24720223
TNG50-1,40,1.5,-1,-0.02136263,-0.03815286,0.79749319,-0.83221695
TNG50-1,40,1.5,-1,0.00792698,-0.05562057,1.13058346,-0.54870199
TNG50-1,40,1.5,-1,0.03127952,0.05955715,0.63027487,1.28511502
TNG50-1,40,1.5,-1,-0.01546733,0.01313746,0.90862759,0.0928091
TNG50-1,40,1.5,-1,0.02283876,0.02400717,1.02457888,0.76126429
TNG50-1,40,1.5,-1,-0.0330963,-0.0872293,0.82698235,0.28508318
TNG50-1,40,1.5,-1,-0.01815269,0.04637192,1.09039462,0.48204349
TNG50-1,40,1.5,-1,-0.01908689,0.02272102,0.94550079,-0.63025598
TNG50-1,40,1.5,-1,-0.05979198,-0.05552153,0.69699905,-0.81250363
TNG50-1,40,1.5,-1,0.02434862,-0.02357624,0.47772838,-0.55765674
TNG50-1,40,1.5,-1,-0.02347012,0.01318586,0.41251591,-1.08246225
TNG50-1,40,1.5,-1,0.00062471,0.00262334,0.95456979,1.17594326
TNG50-1,40,1.5,-1,0.02403733,-0.01460856,0.93795069,-0.68094984
TNG50-1,40,1.5,-1,0.02232656,-0.00517441,0.61297222,0.19317463
TNG50-1,40,1.5,-1,0.03326926,-0.01259887,1.132162,0.91726471
TNG50-1,40,1.5,-1,-0.00492427,0.00762813,0.55797293,0.89165974
TNG50-1,40,1.5,-1,-0.02116492,0.0735746,0.96396059,-0.19356528
TNG50-1,40,1.5,-1,-0.00398591,-0.12833292,1.30381324,-0.07458986
TNG50-1,40,1.5,-1,-0.08436672,-0.01184251,1.34042175,1.55415138
TNG50-1,40,1.5,-1,-0.07235562,0.00882562,0.55087782,0.54851415
TNG50-1,40,1.5,-1,-0.06613498,0.0147997,1.35412223,0.98846582
TNG50-1,40,1.5,-1,-0.04986234,-0.01859573,1.1622341,1.26466059
TNG50-1,40,1.5,-1,0.01998871,-0.08783609,1.11447848,0.90349012
TNG50-1,40,1.5,-1,-0.04527395,0.01639977,1.25548776,-0.98903826
TNG50-1,40,1.5,-1,-0.01890813,0.08636751,1.13266064,0.19531512
TNG50-1,40,1.5,-1,0.06496141,-0.07669307,0.68940916,-1.25068639
TNG50-1,40,1.5,-1,-0.0178132,0.0431914,1.38791693,0.48041903
TNG50-1,40,1.5,-1,0.03687578,-0.01642626,0.57340276,1.43052242
TNG50-1,40,1.5,-1,-0.04668088,-0.00306622,0.52792099,0.03999896
TNG50-1,40,1.5,-1,-0.01027188,-0.05264493,1.07976452,-0.21057312
TNG50-1,40,1.5,-1,-0.0475011,-0.01672281,1.27195942,-1.458193
TNG50-1,40,1.5,-1,-0.01695165,0.06500223,0.85435162,1.44442426
TNG50-1,40,1.5,-1,0.04201541,0.02913276,1.30060709,-1.24720385
TNG50-1,40,1.5,-1,-0.08636602,0.08661558,1.0864973,-1.44174255
TNG50-1,40,1.5,-1,0.02172118,0.05887059,0.32892519,-0.79775527
TNG50-1,40,1.5,-1,0.01188678,0.02195433,0.21772058,-1.3649264
TNG50-1,40,1.5,-1,-0.0297075,0.08719673,0.65104841,-0.14100146
TNG50-1,40,1.5,-1,-0.07230289,0.02194966,1.13528188,0.05054132
TNG50-1,40,1.5,-1,0.00360648,0.04139941,0.75678927,-0.58882887
TNG50-1,40,1.5,-1,-0.02647464,-0.01482855,0.73561762,-1.41069925
TNG50-1,40,1.5,-1,0.01163381,0.00332729,1.06539632,-1.22019343
TNG50-1,40,1.5,-1,0.00109261,-0.03487119,0.81048004,-0.3628402
TNG50-1,40,1.5,-1,0.08008894,0.0494792,1.39117439,-1.38064059
TNG50-1,40,1.5,-1,-0.01196778,-0.05891518,1.22459749,0.62263139
TNG50-1,40,1.5,-1,-0.05117487,0.03911752,0.93310649,-0.92042211
TNG50-1,40,1.5,-1,0.00896378,-0.00953255,1.2633539,-0.62181051
TNG50-1,40,1.5,-1,0.01099983,0.05856235,1.26152123,-0.33261368
TNG50-1,40,1.5,-1,0.06795938,0.03754345,0.55962023,-0.26197856
TNG50-1,40,1.5,-1,0.04175556,0.09103231,0.24031425,-1.56557906
TNG50-1,40,1.5,-1,0.01784355,0.03653873,0.90159769,-1.21871687
TNG50-1,40,1.5,-1,0.07316514,-0.07860201,0.55538585,1.13965849
TNG50-1,40,1.5,-1,-0.05943815,-0.00334766,0.23623447,-1.56692255
TNG50-1,40,1.5,-1,-0.03198758,-0.05860036,1.2821301,0.02565851
TNG50-1,40,1.5,-1,-0.0463288,-0.02591399,1.00854694,-0.03298042
TNG50-1,40,1.5,-1,-0.01949049,0.07556142,1.06101077,-0.52435016
TNG50-1,40,1.5,-1,-0.06883431,0.03187669,1.33376806,-0.21574253
TNG50-1,40,1.5,-1,0.03175755,-0.03494652,0.67315318,0.88147164
TNG50-1,40,1.5,-1,-0.01111113,-0.05068587,1.02233918,1.07192306
TNG50-1,40,1.5,-1,-0.07354031,0.0016391,0.98823017,-0.75288726
TNG50-1,40,1.5,-1,-0.05077895,-0.06082801,1.27445054,-0.55766273
TNG50-1,40,1.5,-1,0.01567569,-0.03355701,1.24872114,-0.80901398
TNG50-1,40,1.5,-1,0.04190633,0.01560047,0.43986003,-0.06326099
TNG50-1,40,1.5,-1,0.09983654,0.0577656,1.36317045,0.57572311
TNG50-1,40,1.5,-1,0.14569312,0.03043807,1.20402792,-0.85371877
TNG50-1,40,1.5,-1,0.02072047,-0.11456448,1.15210602,-0.53175935
TNG50-1,40,1.5,-1,-0.04947691,0.01521834,0.96784494,1.35209315
TNG50-1,40,1.5,-1,-0.10660231,0.00360168,0.86971279,-1.4182114
TNG50-1,40,1.5,-1,0.01338557,0.02069451,0.96480024,-0.12324592
TNG50-1,40,1.5,-1,-0.04064705,0.08081048,1.33037801,0.66462919
TNG50-1,40,1.5,-1,-0.02076786,-0.10316191,1.19462521,-1.09813111
TNG50-1,40,1.5,-1,-0.03060484,-0.02955517,0.54840405,-1.42196645
TNG50-1,40,1.5,-1,-0.00703954,0.02954532,0.81416282,-1.13661135
TNG50-1,40,1.5,-1,0.05329901,-0.07907972,0.80120412,1.31577187
TNG50-1,40,1.5,-1,0.00785243,0.07379745,0.77717363,-1.54170586
TNG50-1,40,1.5,-1,-0.00793174,0.01841783,0.6632516,-0.97916539
TNG50-1,40,1.5,-1,-0.05178269,0.0423292,1.35201435,-1.47251627
TNG50-1,40,1.5,-1,-0.08373415,-0.02854718,1.0849506,-1.2232436
TNG50-1,40,1.5,-1,-0.0243154,0.04068818,0.91846837,0.37746012
TNG50-1,40,1.5,-1,-0.00268913,0.05342358,1.11057039,-0.81166531
TNG50-1,40,1.5,-1,0.0883965,0.0116439,0.54701873,0.21743607
TNG50-1,40,1.5,-1,0.00651373,0.01172004,0.97532519,0.28335715
TNG50-1,40,1.5,-1,0.04913698,0.01351716,0.65568262,1.09778348
TNG50-1,40,1.5,-1,-0.02496478,-0.04316726,0.53516512,-1.5559008
TNG50-1,40,1.5,-1,-0.05924719,-0.00737643,0.95341923,1.1101429
TNG50-1,40,1.5,-1,-0.04825584,-0.00762613,0.43517827,0.37422365
TNG50-1,40,1.5,-1,-0.0362613,0.01916969,0.86899298,-1.05952259
TNG50-1,40,1.5,-1,0.10642349,0.04999121,0.5379246,0.85745809
TNG50-1,40,1.5,-1,-0.04106933,-0.0529268,1.10863967,1.11680962
TNG50-1,40,1.5,-1,0.04192446,-0.00625045,0.9593425,-0.77200403
TNG50-1,40,1.5,-1,-0.04514636,0.07407278,0.92671643,1.31567915
TNG50-1,40,1.5,-1,0.04657865,-0.03717941,1.31293709,-0.1430762
TNG50-1,40,1.5,-1,0.01924755,-0.0411125,1.05545221,0.32491751
TNG50-1,40,1.5,-1,-0.00783189,0.01011531,0.41996828,1.52257141
TNG50-1,40,1.5,-1,-0.00203813,0.04221926,0.82166353,-0.43499724
TNG50-1,40,1.5,-1,-0.03273938,0.0005713,1.2516405,0.9838191
TNG50-1,40,1.5,-1,0.02230361,0.06644803,1.11020945,-0.570516
TNG50-1,40,1.5,-1,-0.02274917,0.0428397,1.23958936,0.940007
TNG50-1,40,1.5,-1,-0.06128029,0.042091,1.37955642,0.31646494
TNG50-1,40,1.5,-1,-0.06389688,0.02770583,0.39937979,-0.89109486
TNG50-1,40,1.5,-1,0.0086294,0.11638266,1.00858359,-0.27009499
TNG50-1,40,1.5,-1,0.07895456,-0.01025808,1.13834124,-0.57291455
TNG50-1,40,1.5,-1,0.00799958,-0.10017611,0.85688738,-1.32541157
TNG50-1,40,1.5,-1,-0.00593192,0.08021272,1.39398392,-1.47706763
TNG50-1,40,1.5,-1,0.01429131,-0.02288497,1.16451872,-0.48230153
TNG50-1,40,1.5,-1,0.06530009,0.00539402,0.73847772,-1.51099879
TNG50-1,40,1.5,-1,0.01096913,0.06547753,0.81840889,-1.0509012
TNG50-1,40,1.5,-1,-0.02054636,-0.08011298,0.26410093,0.70743427
TNG50-1,40,1.5,-1,0.05531444,-0.06258236,0.83318967,0.6537379
TNG50-1,40,1.5,-1,0.02143782,-0.0800639,0.98027471,0.74952239
TNG50-1,40,1.5,-1,0.0767878,-0.03970681,0.665184,-0.57443025
TNG50-1,40,1.5,-1,0.00916172,0.02198183,0.44698937,1.22528226
TNG50-1,40,1.5,-1,-0.06122345,0.02620939,0.71696648,0.29477736
TNG50-1,40,1.5,-1,-0.06840796,0.01381371,0.31671383,-1.1748729
TNG50-1,40,1.5,-1,0.0825464,-0.07063829,0.6376968,-1.11929084
TNG50-1,40,1.5,-1,0.08618329,-0.11550517,0.51119094,0.60662717
TNG50-1,40,1.5,-1,-0.00897596,0.00271768,1.30528492,-1.02747693
TNG50-1,40,1.5,-1,-0.01915937,-0.0235888,0.70239838,0.0229107
TNG50-1,40,1.5,-1,0.07307221,0.02296929,1.01633812,1.54495508
TNG50-1,40,1.5,-1,-0.05535228,0.03509768,0.90455406,-1.55820607
TNG50-1,40,1.5,-1,-0.04473635,0.00691207,0.79560166,-1.51870934
TNG50-1,40,1.5,-1,0.03216634,0.03800665,0.29906012,1.5490709
TNG50-1,40,1.5,-1,-0.01973026,0.01146057,0.25535657,0.26590074
TNG50-1,40,1.5,-1,-0.00025609,0.02650324,1.15550044,-1.17209688
TNG50-1,40,1.5,-1,-0.00817214,-0.03523366,0.70071646,1.24816167
TNG50-1,50,1.0,-1,0.00221062,-0.07021345,0.46323777,-0.13696132
TNG50-1,50,1.0,-1,-0.0101457,0.01655201,0.80442316,-0.35706884
TNG50-1,50,1.0,-1,-0.05412136,-0.01513099,1.25636879,-0.43479947
TNG50-1,50,1.0,-1,-0.00755259,-0.02413951,0.47087984,-0.34084131
TNG50-1,50,1.0,-1,-0.03730491,0.04352778,0.98761983,-1.28882822
TNG50-1,50,1.0,-1,-0.06251578,0.07396373,0.9816532,-1.32752369
TNG50-1,50,1.0,-1,0.02556109,0.0897185,0.38219255,0.87923705
TNG50-1,50,1.0,-1,0.01956323,0.06574039,1.35087046,-0.169417
TNG50-1,50,1.0,-1,-0.08933538,-0.00548671,1.2193214,1.35303523
TNG50-1,50,1.0,-1,-0.00613423,0.01763601,0.87042694,0.3525527
TNG50-1,50,1.0,-1,0.04978507,0.03834114,1.23626062,-1.46028772
TNG50-1,50,1.0,-1,0.05296119,0.0060589,0.76634306,-1.07592215
TNG50-1,50,1.0,-1,0.05129184,0.00653821,1.22025828,-0.92419438
TNG50-1,50,1.0,-1,0.00194566,0.04118766,1.31781226,1.4945688
TNG50-1,50,1.0,-1,-0.04225227,-0.00296413,1.22638174,-0.88371674
TNG50-1,50,1.0,-1,-0.05418494,-0.03646435,1.03279144,0.04949792
TNG50-1,50,1.0,-1,0.01723025,-0.02072365,1.25280768,1.37029024
TNG50-1,50,1.0,-1,0.018964,0.03169552,1.2879593,1.49914517
TNG50-1,50,1.0,-1,0.06436656,0.00014966,0.52188501,-0.82824812
TNG50-1,50,1.0,-1,0.05499898,0.0170105,1.12683433,-1.4164887
TNG50-1,50,1.0,-1,-0.00661143,0.03350396,1.09030204,-1.08824194
TNG50-1,50,1.0,-1,-0.06221029,-0.01874207,1.354369,-1.37184404
TNG50-1,50,1.0,-1,-0.01595533,0.03781241,1.0933956,-0.95779544
TNG50-1,50,1.0,-1,0.01086156,0.01894213,1.17614397,0.21541811
TNG50-1,50,1.0,-1,-0.01010416,-0.06174065,0.84394403,1.29574611
TNG50-1,50,1.0,-1,-0.02889471,0.07211524,1.22775401,0.11692657
TNG50-1,50,1.0,-1,0.01264424,-0.02503724,0.47425872,0.39580787
TNG50-1,50,1.0,-1,-0.02519789,-0.08275477,0.3947583,-0.93661165
TNG50-1,50,1.0,-1,-0.0314033,-0.05225219,1.31724819,0.94431129
TNG50-1,50,1.0,-1,0.01557264,-0.05105226,1.31090636,0.37004477
TNG50-1,50,1.0,-1,-0.02009963,0.00260867,1.30425858,1.14396959
TNG50-1,50,1.0,-1,0.01220522,-0.01369253,0.83405238,1.41008221
TNG50-1,50,1.0,-1,0.0136602,-0.0168416,1.29867622,-0.47783381
TNG50-1,50,1.0,-1,-0.05697145,0.0309851,0.53458218,-1.28623382
TNG50-1,50,1.0,-1,-0.02406206,0.01699377,0.67452759,-0.86101957
TNG50-1,50,1.0,-1,0.07188885,0.01580239,0.58430831,-0.19527648
TNG50-1,50,1.0,-1,-0.05810398,0.02049142,0.93212589,1.4001879
TNG50-1,50,1.0,-1,-0.10583272,0.03080673,0.21312459,-0.38230097
TNG50-1,50,1.0,-1,-0.09309226,-0.10539767,1.36356284,0.85065914
TNG50-1,50,1.0,-1,0.0014555,-0.01822191,1.05292505,0.12716128
TNG50-1,50,1.0,-1,0.00154586,-0.1090105,1.1236568,-0.99648564
TNG50-1,50,1.0,-1,-0.00588054,0.001803,0.35263961,-0.56318037
TNG50-1,50,1.0,-1,0.06070949,-0.00023165,0.87983036,0.4812665
TNG50-1,50,1.0,-1,-0.13364172,0.05227661,0.6040149,0.54303495
TNG50-1,50,1.0,-1,0.01979669,0.05938172,1.25774778,-0.2049583
TNG50-1,50,1.0,-1,0.07807191,0.01013875,0.27377134,-0.85248498
TNG50-1,50,1.0,-1,-0.05638904,-0.02501805,0.95951801,0.69714071
TNG50-1,50,1.0,-1,-0.01899033,0.02425806,0.9644236,-1.04026602
TNG50-1,50,1.0,-1,-0.0376446,-0.02639588,0.29610492,1.3718383
TNG50-1,50,1.0,-1,-0.0447173,-6.963e-05,1.07196658,-0.98047982
TNG50-1,50,1.0,-1,-0.0163131,0.04930682,1.05640855,-1.2336646
TNG50-1,50,1.0,-1,0.07137426,-0.02788857,0.87150569,-0.00738996
TNG50-1,50,1.0,-1,0.09186933,0.04028393,1.29355591,0.06141687
TNG50-1,50,1.0,-1,-0.01679696,0.03387007,1.12621668,0.0257388
TNG50-1,50,1.0,-1,0.09525301,-0.04773959,1.23821383,-0.19896495
TNG50-1,50,1.0,-1,0.00177882,0.04869471,1.31435793,1.55450683
TNG50-1,50,1.0,-1,0.08768455,0.03492832,0.51227755,-0.04310073
TNG50-1,50,1.0,-1,-0.00466493,0.00509629,0.86664926,-0.06928286
TNG50-1,50,1.0,-1,0.00655289,-0.03811617,1.09220665,-0.24577916
TNG50-1,50,1.0,-1,0.01827372,-0.0429603,1.04600783,-1.36085703
TNG50-1,50,1.0,-1,0.15894268,-0.02688313,1.02448331,0.29203187
TNG50-1,50,1.0,-1,0.04256428,0.02712972,0.8190973,-0.85461445
TNG50-1,50,1.0,-1,-0.03536323,-0.04778126,0.40081707,0.43231136
TNG50-1,50,1.0,-1,0.04844989,0.02187561,0.38814852,-1.4110983
TNG50-1,50,1.0,-1,-0.01809163,-0.06208778,1.06201353,1.51232218
TNG50-1,50,1.0,-1,-0.02448751,-0.01020343,1.11886645,-0.09737342
TNG50-1,50,1.0,-1,0.04543007,0.00548239,1.00586282,1.24644376
TNG50-1,50,1.0,-1,0.00155428,0.12225651,0.88917829,-0.07677684
TNG50-1,50,1.0,-1,0.0139288,-0.06886578,0.99549746,-1.38126147
TNG50-1,50,1.0,-1,0.00069926,0.07360073,0.79031305,1.01226371
TNG50-1,50,1.0,-1,0.01682916,0.00749212,0.90321867,0.46553292
TNG50-1,50,1.0,-1,0.02124829,0.0205586,1.12654874,0.88516587
TNG50-1,50,1.0,-1,-0.09684835,0.0059174,1.10398231,-0.22566103
TNG50-1,50,1.0,-1,0.03332863,0.02223634,1.07393931,0.43334106
TNG50-1,50,1.0,-1,-0.04910097,-0.00768426,1.32159012,1.11912642
TNG50-1,50,1.0,-1,-0.07211496,0.07270251,1.26138876,0.41175423
TNG50-1,50,1.0,-1,-0.00292056,-0.02282356,0.71398054,-0.47854739
TNG50-1,50,1.0,-1,0.00419905,0.05661173,1.06423399,0.51060178
TNG50-1,50,1.0,-1,-0.03467531,-0.03221836,1.21987296,0.53989586
TNG50-1,50,1.0,-1,0.04155159,-0.00301259,0.89465526,1.44697662
TNG50-1,50,1.0,-1,-0.06710876,-0.05359813,0.67288109,-0.4055409
TNG50-1,50,1.0,-1,-0.02034719,0.02275119,1.18261589,-0.23536257
TNG50-1,50,1.0,-1,-0.02924371,0.0722563,0.57397525,0.9805632
TNG50-1,50,1.0,-1,-0.00232936,-0.00386781,0.39928728,0.01810285
TNG50-1,50,1.0,-1,0.01394321,-0.00984428,0.85804723,0.74321629
TNG50-1,50,1.0,-1,-0.05039465,-0.05573085,0.77862302,-0.12657645
TNG50-1,50,1.0,-1,0.03621413,-0.01146463,1.35660334,-0.89379837
TNG50-1,50,1.0,-1,0.00315012,-0.07963971,0.35989936,0.77033059
TNG50-1,50,1.0,-1,-0.09459731,-0.0456439,1.06109243,-1.15876021
TNG50-1,50,1.0,-1,-0.09792957,0.0113393,0.40673261,-0.94692735
TNG50-1,50,1.0,-1,-0.00061596,0.06595066,0.87760334,0.39843243
TNG50-1,50,1.0,-1,-0.01104837,0.14046054,1.39620181,0.77682099
TNG50-1,50,1.0,-1,-0.00517101,-0.02932925,1.36822372,1.23994857
TNG50-1,50,1.0,-1,-0.00139912,0.07176501,0.76530077,-0.71444059
TNG50-1,50,1.0,-1,0.01127799,0.01218762,0.89465983,-1.22294581
TNG50-1,50,1.0,-1,0.04738248,-0.00756238,1.3781458,1.43271284
TNG50-1,50,1.0,-1,-0.05555525,0.02162972,0.68843124,-1.08566189
TNG50-1,50,1.0,-1,-0.05859858,0.00309582,0.53495887,-0.94980719
TNG50-1,50,1.0,-1,-0.05466619,0.00551979,0.96171447,-0.65555786
TNG50-1,50,1.0,-1,0.01444583,-0.02041666,0.99168906,0.09233566
TNG50-1,50,1.0,-1,0.06224737,-0.06990548,1.39549901,1.20268199
TNG50-1,50,1.0,-1,-0.02156697,-0.07718126,0.63134965,0.81852947
TNG50-1,50,1.0,-1,-0.12508499,0.03266224,1.11755705,0.65394624
TNG50-1,50,1.0,-1,-0.08519964,-0.013835,0.49101853,-1.02045034
TNG50-1,50,1.0,-1,-0.04165184,-0.02980444,1.07903037,-0.4471032
TNG50-1,50,1.0,-1,-0.02788644,0.00042528,0.89215441,-0.06784293
TNG50-1,50,1.0,-1,-0.02041943,0.03974661,1.1712821,-1.10764403
TNG50-1,50,1.0,-1,0.00192906,0.0090182,1.26604115,-0.71179158
TNG50-1,50,1.0,-1,-0.01558732,-0.03280275,0.64729221,-0.602139
TNG50-1,50,1.0,-1,0.05246698,0.06131465,0.96154359,-1.17094636
TNG50-1,50,1.0,-1,-0.03380087,0.07895928,0.92156323,0.15783265
TNG50-1,50,1.0,-1,-0.0431159,0.02472783,0.31092801,0.64411508
TNG50-1,50,1.0,-1,0.02394378,0.04868318,0.31575343,-1.35109963
TNG50-1,50,1.0,-1,-0.0767821,0.062098,0.52937603,-0.05930352
TNG50-1,50,1.0,-1,0.01948459,0.05650497,1.24300861,0.88659262
TNG50-1,50,1.0,-1,0.00512766,0.03070496,0.86138515,0.77908397
TNG50-1,50,1.0,-1,-0.00737212,0.02991735,0.49207613,0.98983132
TNG50-1,50,1.0,-1,0.07941381,0.02598303,1.07774025,-0.16260685
TNG50-1,50,1.0,-1,-0.03111037,-0.05486688,1.31618096,1.00705978
TNG50-1,50,1.0,-1,0.10301491,0.03503616,0.59717447,-0.81444825
TNG50-1,50,1.0,-1,-0.01127157,-0.0677907,0.97611656,-0.43727652
TNG50-1,50,1.0,-1,-0.06385082,-0.03972997,0.89286731,-1.01675894
TNG50-1,50,1.0,-1,0.00349598,0.06517825,0.26304887,-0.10215033
TNG50-1,50,1.0,-1,-0.05381226,0.04201101,0.84748733,-0.33910344
TNG50-1,50,1.0,-1,-0.03758779,0.07436991,1.03067191,-0.81390147
TNG50-1,50,1.0,-1,0.01985167,-0.01358372,1.08185529,0.79099243
TNG50-1,50,1.0,-1,0.0277791,-0.05761244,1.0376096,-0.58481761
TNG50-1,50,1.0,-1,-0.03110839,-0.01202186,1.30167741,-0.71375625
TNG50-1,50,1.0,-1,0.04937026,0.00510156,0.62014513,-1.15959222
TNG50-1,50,1.0,-1,0.05787539,0.00394944,0.55746093,-0.19219729
TNG50-1,50,1.0,-1,0.07181509,0.05668402,1.15888982,-0.61900487
TNG50-1,50,1.0,-1,0.02647067,-0.01806352,1.14167428,-0.41069148
TNG50-1,50,1.0,-1,0.06817144,0.01760172,0.49857505,-0.82938906
TNG50-1,50,1.0,-1,-0.09403992,-0.04943136,1.38026003,0.82672735
TNG50-1,50,1.0,-1,-0.01589533,0.02251586,0.9377675,1.35089536
TNG50-1,50,1.0,-1,-0.04335026,0.00015543,0.99370267,-0.00649728
TNG50-1,50,1.0,-1,0.00596129,-0.03749067,0.75388023,0.4492428
TNG50-1,50,1.0,-1,-0.02857246,-0.01179147,1.26365953,1.15350573
TNG50-1,50,1.0,-1,-0.00830789,-0.00920879,0.77933438,1.56711952
TNG50-1,50,1.0,-1,0.09410874,-0.01350776,1.07565143,0.35662255
TNG50-1,50,1.0,-1,-0.00848599,0.08856706,0.83498657,1.22452831
TNG50-1,50,1.0,-1,0.02068962,-0.0049223,1.3669392,1.28368067
TNG50-1,50,1.0,-1,-0.01161347,-0.01219481,0.99558505,0.91562185
TNG50-1,50,1.0,-1,0.00378566,-0.10487255,0.93596427,-0.12273765
TNG50-1,50,1.0,-1,0.00030083,-0.04471037,1.22005634,-1.31584352
TNG50-1,50,1.0,-1,0.0224162,-0.01315367,1.28379635,-1.52114171
TNG50-1,50,1.0,-1,0.05826538,-0.03429263,1.24226836,-0.07162632
TNG50-1,50,1.0,-1,0.0823697,0.06908538,1.10542392,-0.01786142
TNG50-1,50,1.0,-1,0.015481,-0.00824689,1.31977543,-0.29102964
TNG50-1,50,1.0,-1,0.02947734,0.06442221,0.3557361,0.21415405
TNG50-1,50,1.0,-1,-0.05754323,0.00308523,1.04944476,0.16387397
TNG50-1,50,1.0,-1,-0.00439384,0.00186139,0.60004012,1.05750106
TNG50-1,50,1.0,-1,0.04701447,-0.00443982,0.28613506,-1.22943997
TNG50-1,50,1.0,-1,0.04329843,0.00018981,1.33319631,-0.86337983
TNG50-1,50,1.0,-1,0.01058049,0.08593975,0.79835724,0.92050229
TNG50-1,50,1.0,-1,0.0443197,-0.11598054,0.50350839,1.09276175
TNG50-1,50,1.0,-1,0.02453834,-0.10007729,0.81789316,1.55453611
TNG50-1,50,1.0,-1,0.06001531,-0.02715854,1.02684511,1.17153765
TNG50-1,50,1.0,-1,0.01446796,0.00072639,1.02490292,1.22490386
TNG50-1,50,1.0,-1,-0.01778492,0.03450522,1.37040911,-0.58324314
TNG50-1,50,1.0,-1,0.01679206,0.02365436,0.92348112,-0.30893909
TNG50-1,50,1.0,-1,-0.14652972,-0.0192123,0.22481321,-0.72858213
TNG50-1,50,1.0,-1,0.01914429,0.05095218,0.32822643,0.33394941
TNG50-1,50,1.0,-1,-0.18242064,0.05150977,1.36668753,1.37854768
TNG50-1,50,1.0,-1,-0.08617317,0.00920289,0.73514592,-0.48807505
TNG50-1,50,1.0,-1,0.02258843,0.04813288,1.14348357,0.17907638
TNG50-1,50,1.0,-1,0.02387647,0.01363226,0.44762375,-0.63994358
TNG50-1,50,1.0,-1,-0.05812144,-0.02807415,1.36278493,-1.03735398
TNG50-1,50,1.0,-1,-0.0356051,0.03489084,0.38147042,-0.9576029
TNG50-1,50,1.0,-1,0.06852705,0.00553066,0.55783004,-1.38875566
TNG50-1,50,1.0,-1,-0.02420151,6.699e-05,1.30242919,1.41149723
TNG50-1,50,1.0,-1,0.11214602,0.07364768,1.35059017,-0.30511271
TNG50-1,50,1.0,-1,-9.599e-05,-0.12254361,0.56205197,1.04967174
TNG50-1,50,1.0,-1,0.02040181,-0.07088421,1.27014085,0.56966334
TNG50-1,50,1.0,-1,0.08084372,-0.05935352,0.92317906,-0.96785822
TNG50-1,50,1.0,-1,0.00655136,-0.01816303,0.42312183,-1.01956542
TNG50-1,50,1.0,-1,-0.0501172,-0.01273041,0.8896853,0.98013984
TNG50-1,50,1.0,-1,-0.00548637,-0.07536628,1.05667998,-0.73917996
TNG50-1,50,1.0,-1,-0.00178054,-0.0492579,1.01163623,1.2983737
TNG50-1,50,1.0,-1,-0.06823708,-0.04304208,1.3478558,-1.1307993
TNG50-1,50,1.0,-1,-0.0127916,0.1228712,0.30196869,0.55828808
TNG50-1,50,1.0,-1,-0.0371096,0.0900871,1.13555645,0.98794882
TNG50-1,50,1.0,-1,0.04621789,-0.02058747,1.24150723,-0.83171659
TNG50-1,50,1.0,-1,0.00173059,-0.01817916,1.15743054,-0.7030653
TNG50-1,50,1.0,-1,-0.01413979,-0.0574602,0.31367736,1.45932912
TNG50-1,50,1.0,-1,-0.0053091,-0.09540652,1.32188579,-0.73953843
TNG50-1,50,1.0,-1,0.0111561,-0.00584401,0.51035972,-0.22004642
TNG50-1,50,1.0,-1,0.03084071,-0.0498926,0.73267019,-0.21200852
TNG50-1,50,1.0,-1,-0.04998561,-0.00424253,0.56913914,-0.77586422
TNG50-1,50,1.0,-1,-0.05207938,-0.08001029,0.28185484,0.86642325
TNG50-1,50,1.0,-1,0.05523396,-0.03809872,0.55062791,0.8540399
TNG50-1,50,1.0,-1,-0.02061684,0.00743135,0.36478453,-0.38227523
TNG50-1,50,1.0,-1,-0.0708421,0.01831048,1.29449689,1.05282872
TNG50-1,50,1.0,-1,0.02219064,0.0208736,0.61869673,-0.90140168
TNG50-1,50,1.0,-1,0.02316849,-0.06602445,0.91218564,-1.55726933
TNG50-1,50,1.0,-1,-0.07653576,0.04273429,0.9144169,0.22357886
TNG50-1,50,1.0,-1,0.01147409,-0.04001058,0.45517751,1.5521911
TNG50-1,50,1.0,-1,0.03677915,0.0316429,0.29354254,-1.44939165
TNG50-1,50,1.0,-1,0.01871932,-0.00053193,0.73630312,-0.91735111
TNG50-1,50,1.0,-1,0.03159907,-0.06881937,0.97496713,0.0594221
TNG50-1,59,0.7,-1,0.02751012,-0.12181878,1.07463506,-1.35982054
TNG50-1,59,0.7,-1,-0.03515345,-0.0491708,0.9276986,-1.44905543
TNG50-1,59,0.7,-1,-0.00596831,0.03438806,0.86219321,0.48295852
TNG50-1,59,0.7,-1,-0.08104568,0.06064418,1.38202444,-0.5057466
TNG50-1,59,0.7,-1,-0.11721717,0.05545849,0.94310663,0.48839009
TNG50-1,59,0.7,-1,0.04713829,-0.07960065,1.10479817,-1.27542001
TNG50-1,59,0.7,-1,-0.04924975,0.01507762,1.03416244,1.41324979
TNG50-1,59,0.7,-1,-0.02277639,0.05077576,1.31686628,0.78073122
TNG50-1,59,0.7,-1,-0.06932211,-0.08291678,0.63658644,1.18207838
TNG50-1,59,0.7,-1,-0.07049849,-0.00039523,0.36699917,-1.14206144
TNG50-1,59,0.7,-1,-0.00869189,0.01369212,1.38166366,-0.56498098
TNG50-1,59,0.7,-1,-0.03647886,-0.01503823,0.85377963,-0.41360901
TNG50-1,59,0.7,-1,0.01889855,-0.09260809,0.66201241,0.11678132
TNG50-1,59,0.7,-1,0.02262692,-0.01628491,1.15852693,-0.63815647
TNG50-1,59,0.7,-1,0.01604248,-0.01636527,0.63010528,-1.38031923
TNG50-1,59,0.7,-1,0.01193004,-0.00740362,0.81997756,-0.41193072
TNG50-1,59,0.7,-1,0.07888841,-0.02817357,0.39581856,-0.77110607
TNG50-1,59,0.7,-1,-0.05337969,-0.02215061,0.2665758,-0.35838883
TNG50-1,59,0.7,-1,-0.00274674,-0.00198531,1.36507666,-0.95202967
TNG50-1,59,0.7,-1,0.05663449,0.02212273,1.01171105,-0.7480246
TNG50-1,59,0.7,-1,0.06322699,-0.01522134,0.9108409,0.39883254
TNG50-1,59,0.7,-1,-0.07108818,-0.02048245,1.27777743,-0.35137509
TNG50-1,59,0.7,-1,-0.01561777,0.0046177,1.11253209,-0.4857424
TNG50-1,59,0.7,-1,0.06790605,-0.0960458,0.24531949,0.10651769
TNG50-1,59,0.7,-1,0.02540396,0.02385176,1.3866418,0.85407508
TNG50-1,59,0.7,-1,0.00976315,-2.815e-05,1.0044605,-0.38054754
TNG50-1,59,0.7,-1,-0.01088423,0.00198468,0.54985333,0.27495059
TNG50-1,59,0.7,-1,-0.01919005,0.04803672,1.12368861,1.46461874
TNG50-1,59,0.7,-1,0.01441095,-0.09764078,0.97803712,0.06905257
TNG50-1,59,0.7,-1,-0.01261871,-0.09869169,0.27552887,1.28741706
TNG50-1,59,0.7,-1,-0.00212893,0.01369019,0.9828365,0.92259976
TNG50-1,59,0.7,-1,0.00392994,-0.00035584,1.29113888,-1.38632615
TNG50-1,59,0.7,-1,-0.03390358,0.00850885,1.35731171,-0.22274246
TNG50-1,59,0.7,-1,0.02660647,-0.02310635,0.36013694,0.62303565
TNG50-1,59,0.7,-1,0.14571223,0.03321768,1.17526429,1.52905057
TNG50-1,59,0.7,-1,-0.08884933,0.04663194,0.95414189,-0.13076474
TNG50-1,59,0.7,-1,0.01620063,0.02419911,1.32488061,-1.27930223
TNG50-1,59,0.7,-1,-0.0380095,-0.01304142,1.03192229,0.19480757
TNG50-1,59,0.7,-1,0.02887013,-0.10538447,0.39383276,-1.17318445
TNG50-1,59,0.7,-1,0.00232787,0.03846181,0.95578028,0.790172
TNG50-1,59,0.7,-1,0.03809274,0.06108643,0.29540889,0.024118
TNG50-1,59,0.7,-1,0.05877533,0.03222792,1.18137866,0.70193035
TNG50-1,59,0.7,-1,0.00962106,-0.04398212,0.95366385,1.1603844
TNG50-1,59,0.7,-1,0.05660261,0.03368972,0.52310427,0.40510214
TNG50-1,59,0.7,-1,-0.11721489,0.04302649,1.00854048,0.35323857
TNG50-1,59,0.7,-1,0.07952261,0.07794081,1.16322616,0.79975617
TNG50-1,59,0.7,-1,0.01875311,-0.0438055,0.52964347,1.07585412
TNG50-1,59,0.7,-1,0.05389217,-0.01132273,1.06349939,1.15941666
TNG50-1,59,0.7,-1,-0.06099379,0.0373636,0.92741299,-1.45634749
TNG50-1,59,0.7,-1,-0.04153849,0.0028705,0.28001545,0.17652702
TNG50-1,59,0.7,-1,0.00729691,-0.05586638,1.24397192,-0.89136625
TNG50-1,59,0.7,-1,-0.00085189,0.02073081,1.14380776,1.13206
TNG50-1,59,0.7,-1,0.01415343,0.02893308,1.37439959,0.46620508
TNG50-1,59,0.7,-1,0.05422576,0.00439814,1.06169281,-0.25062847
TNG50-1,59,0.7,-1,-0.08826102,0.01097925,1.23222949,-0.97984947
TNG50-1,59,0.7,-1,0.04869095,-0.0129353,0.76574956,-0.50572219
TNG50-1,59,0.7,-1,0.0004141,0.07391395,1.24838395,0.64018651
TNG50-1,59,0.7,-1,-0.01018909,-0.04503461,0.77183426,-0.92878188
TNG50-1,59,0.7,-1,-0.07355576,-0.02936604,1.17731238,-1.27679683
TNG50-1,59,0.7,-1,0.02515243,0.00054928,1.09535721,1.2190283
TNG50-1,59,0.7,-1,-0.12070539,0.0439477,1.101141,0.83004129
TNG50-1,59,0.7,-1,0.0324197,-0.07486866,0.72181557,-0.94312204
TNG50-1,59,0.7,-1,-0.07460529,-0.06551484,0.99096118,-0.65247253
TNG50-1,59,0.7,-1,0.0026729,-0.10188643,1.08980847,1.4830522
TNG50-1,59,0.7,-1,-0.00595844,0.00163476,0.53419981,0.65403085
TNG50-1,59,0.7,-1,0.05847691,-0.05591529,0.88498124,0.34721512
TNG50-1,59,0.7,-1,-0.00893276,-0.01922751,1.2204838,-0.60435294
TNG50-1,59,0.7,-1,-0.03470693,0.03306891,0.45301731,-0.63106697
TNG50-1,59,0.7,-1,-0.02533013,-0.03207714,1.10677486,-1.44662922
TNG50-1,59,0.7,-1,0.06364414,0.0115641,1.36786199,0.71779695
TNG50-1,59,0.7,-1,0.02681485,-0.0149669,0.96350829,-1.43515736
TNG50-1,59,0.7,-1,-0.0192815,0.03360572,1.29701974,-1.55553655
TNG50-1,59,0.7,-1,-0.01182232,0.0237564,1.19915127,0.72098008
TNG50-1,59,0.7,-1,-0.07835885,-0.03459668,0.68376273,1.4101785
TNG50-1,59,0.7,-1,0.01942371,-0.00843259,1.29128173,0.80582809
TNG50-1,59,0.7,-1,-0.08799079,0.05218717,0.60293964,-0.08909497
TNG50-1,59,0.7,-1,0.03758982,0.01966884,0.37921585,-0.04384014
TNG50-1,59,0.7,-1,0.00643108,-0.0698481,0.84822123,-0.20063335
TNG50-1,59,0.7,-1,0.11934759,0.0327809,0.72961855,-0.55089817
TNG50-1,59,0.7,-1,-0.05500678,-0.05423053,0.72568763,0.06821722
TNG50-1,59,0.7,-1,-0.0051331,0.07062565,0.22746891,-0.21629565
TNG50-1,59,0.7,-1,0.08991439,0.05120494,1.10778198,0.30840349
TNG50-1,59,0.7,-1,0.05956948,0.01449427,1.2641143,1.25073112
TNG50-1,59,0.7,-1,-0.0348106,0.00786164,0.93906327,1.55511795
TNG50-1,59,0.7,-1,0.01119837,-0.01045161,0.92485234,-1.32341699
TNG50-1,59,0.7,-1,9.997e-05,0.0339262,1.25129417,-0.36227756
TNG50-1,59,0.7,-1,0.01409779,-0.01853891,0.84109541,-1.00309107
TNG50-1,59,0.7,-1,-0.03493402,0.01177849,1.3883767,-0.46457723
TNG50-1,59,0.7,-1,-0.00446602,0.04359672,0.39894635,-0.6676732
TNG50-1,59,0.7,-1,-0.07990262,-0.02809033,1.17634835,-1.02247176
TNG50-1,59,0.7,-1,0.00675617,-0.03080964,1.36738158,0.82961939
TNG50-1,59,0.7,-1,0.02250103,-0.05971827,1.31019673,-0.01165926
TNG50-1,59,0.7,-1,-0.01137097,-0.05322364,1.19760099,1.31709884
TNG50-1,59,0.7,-1,-0.08075254,-0.09141977,1.16814568,-1.46840415
TNG50-1,59,0.7,-1,0.04942659,0.03649144,1.37296185,-1.36037869
TNG50-1,59,0.7,-1,0.01822625,0.09044573,1.16334312,-0.303875
TNG50-1,59,0.7,-1,-0.03630075,0.07126645,1.2384423,-1.31859769
TNG50-1,59,0.7,-1,-0.01403002,-0.08130422,1.07391338,-0.74540696
TNG50-1,59,0.7,-1,-0.07503347,0.03624273,1.0678703,1.52690747
TNG50-1,59,0.7,-1,-0.05127051,0.07110532,1.11007189,-0.91433036
TNG50-1,59,0.7,-1,-0.02689057,-0.0228405,1.12007149,-0.94839109
TNG50-1,59,0.7,-1,0.06142104,0.00507237,1.32569111,0.23134898
TNG50-1,59,0.7,-1,-0.03197517,-0.10039465,1.37924135,-0.00628855
TNG50-1,59,0.7,-1,0.03201068,0.01333681,1.23057067,0.25270436
TNG50-1,59,0.7,-1,-0.02691581,-0.05317799,0.67143713,-0.38724754
TNG50-1,59,0.7,-1,0.01239738,0.00998175,0.23453902,1.02655423
TNG50-1,59,0.7,-1,-0.00706978,-0.07806015,0.39715368,-1.13543268
TNG50-1,59,0.7,-1,0.04365283,0.02714291,0.95398753,-0.22496114
TNG50-1,59,0.7,-1,-0.02674057,0.05122563,0.92629816,0.59615443
TNG50-1,59,0.7,-1,-0.07862641,-0.03915899,1.13204489,1.1568489
TNG50-1,59,0.7,-1,-0.06909745,-0.05684613,0.64859211,-0.40975288
TNG50-1,59,0.7,-1,-0.02659387,-0.10780115,0.66080877,0.21282908
TNG50-1,59,0.7,-1,-0.062453,-0.01332068,0.54734029,-1.35358678
TNG50-1,59,0.7,-1,0.0205106,-0.0290797,0.46143413,-1.03572313
TNG50-1,59,0.7,-1,-0.02328841,-0.07755097,1.02179776,-1.35359238
TNG50-1,59,0.7,-1,0.11873033,0.02265094,0.65800699,0.71590894
TNG50-1,59,0.7,-1,-0.08688573,-0.02249852,0.60371849,-0.66582925
TNG50-1,59,0.7,-1,0.01018166,-0.0537868,1.13751617,0.70291656
TNG50-1,59,0.7,-1,-0.05639765,-0.02772862,0.39565126,-1.36219998
TNG50-1,59,0.7,-1,-0.02467007,0.05356523,1.32183944,1.13897751
TNG50-1,59,0.7,-1,0.00707097,0.03014685,0.22215888,1.05409921
TNG50-1,59,0.7,-1,-0.11626857,-0.0065013,0.65373612,-1.29141844
TNG50-1,59,0.7,-1,0.01184131,0.03095525,1.32273422,-1.49616306
TNG50-1,59,0.7,-1,0.09514537,-0.0580456,0.79318621,-1.39395981
TNG50-1,59,0.7,-1,-0.02267191,0.00161851,1.3718303,1.11096195
TNG50-1,59,0.7,-1,0.01299039,0.00736612,0.65360792,-0.83345357
TNG50-1,59,0.7,-1,0.05124608,-0.02349183,0.61388338,0.1516551
TNG50-1,59,0.7,-1,-0.00819768,0.02177292,0.85266406,-0.23171067
TNG50-1,59,0.7,-1,-0.02904801,-0.03902167,0.52741843,0.92842082
TNG50-1,59,0.7,-1,-0.11378682,0.02549104,1.31887786,-0.03487701
TNG50-1,59,0.7,-1,0.03204954,0.02759294,1.16636841,0.00207609
TNG50-1,59,0.7,-1,-0.00565842,-0.14585799,1.0408441,1.53652764
TNG50-1,59,0.7,-1,-0.05063419,0.05951529,1.36498411,-1.09915041
TNG50-1,59,0.7,-1,0.00632984,-0.15238163,1.00857521,1.03893706
TNG50-1,59,0.7,-1,-0.02918402,-0.03080245,1.17578742,-1.40821971
TNG50-1,59,0.7,-1,-0.02642131,0.0512674,1.06086014,-0.07021846
TNG50-1,59,0.7,-1,0.03031456,-0.01586434,1.03055549,1.21370664
TNG50-1,59,0.7,-1,-0.06691912,-0.0733093,0.48990388,0.51903498
TNG50-1,59,0.7,-1,0.05236576,-0.05468685,1.17128282,0.58186889
TNG50-1,59,0.7,-1,-0.06988431,0.05134529,0.46462883,-0.74356069
TNG50-1,59,0.7,-1,-0.03313507,-0.09607523,1.02973504,-0.25580484
TNG50-1,59,0.7,-1,0.09614731,0.05644956,1.12017603,-0.41914795
TNG50-1,59,0.7,-1,0.05636774,-0.0027551,0.95568203,0.06736583
TNG50-1,59,0.7,-1,0.0048802,-0.05961977,1.03749296,-0.11866446
TNG50-1,59,0.7,-1,-0.04702651,-0.02915575,1.1826597,-0.54381487
TNG50-1,59,0.7,-1,-0.02646362,-0.05086122,0.9555161,-0.61110068
TNG50-1,59,0.7,-1,0.00366377,0.04331126,1.27349432,-0.78271873
TNG50-1,59,0.7,-1,0.00187616,0.03662139,1.09835068,-0.42396658
TNG50-1,59,0.7,-1,-0.00454355,-0.08595806,0.89141289,-1.09974128
TNG50-1,59,0.7,-1,-0.00154163,-0.02017961,1.04156621,1.16900014
TNG50-1,59,0.7,-1,-0.01071876,-0.04315928,0.57825426,0.32081753
TNG50-1,59,0.7,-1,-0.07209894,0.0646755,1.18322899,-1.15049387
TNG50-1,59,0.7,-1,-0.02582554,-0.06750496,0.29917981,0.60902706
TNG50-1,59,0.7,-1,0.0457312,0.08021146,0.63399065,1.09222642
TNG50-1,59,0.7,-1,-0.06841671,-0.00166474,0.30511069,-0.824556
TNG50-1,59,0.7,-1,-0.00947778,-0.05809672,0.55681793,-1.09767061
TNG50-1,59,0.7,-1,-0.0409877,-0.03386371,1.28170075,-1.54372442
TNG50-1,59,0.7,-1,0.00556752,-0.04008094,0.93172268,-1.42235501
TNG50-1,59,0.7,-1,-0.01943166,-0.06373092,1.25805657,0.82388691
TNG50-1,59,0.7,-1,0.07386968,0.00474134,0.58662681,1.530541
TNG50-1,59,0.7,-1,0.02532916,-0.06139578,0.87213065,-1.42980064
TNG50-1,59,0.7,-1,-0.06559016,-0.10901831,1.17733528,0.7793379
TNG50-1,59,0.7,-1,0.0335614,-0.01898382,0.39490077,-1.34503467
TNG50-1,59,0.7,-1,-0.03873259,-0.09014281,1.30437647,0.28944381
TNG50-1,59,0.7,-1,-0.02884982,-0.03760804,0.89341873,0.80448423
TNG50-1,59,0.7,-1,0.01569095,-0.04545514,0.71654153,-0.44232243
TNG50-1,59,0.7,-1,-0.02458737,-0.0435608,1.35140015,-1.53644389
TNG50-1,59,0.7,-1,0.04464279,0.10004816,0.85755297,0.29904617
TNG50-1,59,0.7,-1,-0.0387255,0.00282058,0.59002233,1.54329051
TNG50-1,59,0.7,-1,-0.03094733,0.01226855,1.34419095,-0.76146732
TNG50-1,59,0.7,-1,-0.03281854,-0.08881991,0.94599655,-0.97549192
TNG50-1,59,0.7,-1,-0.02828194,-0.03269816,1.18162248,-1.18147165
TNG50-1,59,0.7,-1,0.05495958,0.01076513,0.78554652,0.17359065
TNG50-1,59,0.7,-1,0.03143981,-0.05122645,1.30144354,0.30299122
TNG50-1,59,0.7,-1,0.0854972,0.04540314,0.37890029,0.91819591
TNG50-1,59,0.7,-1,0.11338221,-0.06013483,0.46284406,0.79505314
TNG50-1,59,0.7,-1,-0.05153585,-0.01431831,1.24440717,1.23320548
TNG50-1,59,0.7,-1,0.00352096,-0.02930258,1.12425936,0.96061326
TNG50-1,59,0.7,-1,-0.05881002,0.00821603,0.86845076,-0.79398388
TNG50-1,59,0.7,-1,-0.0388803,-0.0320245,0.72020728,0.17554404
TNG50-1,59,0.7,-1,-0.03150413,-0.01354468,1.01389,-0.6364491
TNG50-1,59,0.7,-1,-0.05285774,-0.0118065,1.2696882,-0.534745
TNG50-1,59,0.7,-1,-0.05259436,-0.03671939,1.31363091,1.35699326
TNG50-1,59,0.7,-1,-0.00721422,0.02425469,0.20095462,0.57144284
TNG50-1,59,0.7,-1,-0.06083592,0.01191942,1.00172776,1.49096976
TNG50-1,59,0.7,-1,0.04210635,-0.0044307,0.50162025,-0.26102696
TNG50-1,59,0.7,-1,-0.04588768,-0.02152292,0.97551746,0.11761361
TNG50-1,59,0.7,-1,0.14047845,0.0398272,0.40988026,-0.0404781
TNG50-1,59,0.7,-1,-0.02256922,-0.01179171,1.32733742,-1.2337441
TNG50-1,59,0.7,-1,0.00360088,-0.01533486,1.30535618,-0.82717508
TNG50-1,59,0.7,-1,-0.06476706,0.0052345,0.39483082,0.08682219
TNG50-1,59,0.7,-1,0.08530459,0.08482933,0.3553329,-1.3591337
TNG50-1,59,0.7,-1,0.05597503,-0.06701781,1.13192329,1.35547763
TNG50-1,59,0.7,-1,0.01484579,0.03849284,1.09540545,-1.18172993
TNG50-1,59,0.7,-1,-0.06734013,-0.09465856,1.00451589,-0.94882147
TNG50-1,59,0.7,-1,0.01053334,0.01086366,1.03898019,0.83353121
TNG50-1,59,0.7,-1,-0.05607155,0.07875414,1.24092355,-1.26626748
TNG50-1,59,0.7,-1,0.07311776,0.02443343,0.45618296,1.25751074
TNG50-1,59,0.7,-1,0.04045974,0.00853125,1.18621456,0.70906051
TNG50-1,59,0.7,-1,0.00477195,-0.02802247,0.73577932,-1.35521755
TNG50-1,67,0.5,-1,-0.03495109,-0.04818876,0.63094957,-0.37787288
TNG50-1,67,0.5,-1,0.00213155,0.06331523,1.02308027,1.33291614
TNG50-1,67,0.5,-1,-0.00433524,0.06861712,1.01810026,0.83165566
TNG50-1,67,0.5,-1,-0.0136852,-0.04955532,1.19315383,-0.16529781
TNG50-1,67,0.5,-1,0.03951703,0.04839994,1.22427915,0.78387442
TNG50-1,67,0.5,-1,-0.07664324,-0.004348,0.86825233,1.49352673
TNG50-1,67,0.5,-1,-0.02585071,0.01699043,1.20428762,-0.12258235
TNG50-1,67,0.5,-1,0.0342019,0.02301093,1.3469489,0.44775828
TNG50-1,67,0.5,-1,-0.03070424,0.04971752,0.65716954,1.31527368
TNG50-1,67,0.5,-1,-0.08044034,0.00413591,1.075895,-0.78956184
TNG50-1,67,0.5,-1,0.03342777,0.0705081,1.07242481,1.2144075
TNG50-1,67,0.5,-1,0.05615473,0.01547064,1.0246736,-1.26435059
TNG50-1,67,0.5,-1,-0.00224976,0.03120921,0.59126809,0.46636368
TNG50-1,67,0.5,-1,-0.09804228,-0.04166313,1.12643986,0.88856227
TNG50-1,67,0.5,-1,0.03529849,0.10793295,0.66962924,0.36004606
TNG50-1,67,0.5,-1,-0.08299439,0.02349125,0.37340159,-0.01402783
TNG50-1,67,0.5,-1,0.01543996,0.03564987,0.78789917,0.36865679
TNG50-1,67,0.5,-1,-0.04437319,-0.08040929,1.02432963,-1.09433073
TNG50-1,67,0.5,-1,-0.05799196,-0.0411351,0.68289172,-0.89356097
TNG50-1,67,0.5,-1,-0.0220955,0.06189418,0.99927819,-0.72288253
TNG50-1,67,0.5,-1,-0.00916488,0.01434456,1.0406096,0.30718286
TNG50-1,67,0.5,-1,-0.03221041,-0.09568899,0.93291,-0.18252316
TNG50-1,67,0.5,-1,0.02943516,0.0519145,1.12923249,-0.80275282
TNG50-1,67,0.5,-1,-0.02230347,-0.02718914,1.31354822,1.20263099
TNG50-1,67,0.5,-1,0.04900954,0.07056585,1.04021072,-0.39608622
TNG50-1,67,0.5,-1,0.01405866,-0.00439178,1.29708804,-0.16954635
TNG50-1,67,0.5,-1,-0.03487786,0.01023533,1.04434823,-0.28368243
TNG50-1,67,0.5,-1,-0.04329699,0.05894773,0.90060131,-0.99920568
TNG50-1,67,0.5,-1,-0.08237481,-0.04487465,0.39255217,0.72767773
TNG50-1,67,0.5,-1,0.01453666,-0.04964234,1.37014173,-0.16192314
TNG50-1,67,0.5,-1,-0.01772938,-0.00982492,0.83198418,-1.51972311
TNG50-1,67,0.5,-1,-0.11860978,0.04135864,0.9994344,1.45774204
TNG50-1,67,0.5,-1,-0.02678574,-0.06654386,1.38331936,0.99200064
TNG50-1,67,0.5,-1,-0.0450517,-0.08340173,1.18949788,0.70233242
TNG50-1,67,0.5,-1,0.07878388,0.04118605,1.30160499,1.15953631
TNG50-1,67,0.5,-1,-0.08513893,-0.03014892,1.21792679,1.27802268
TNG50-1,67,0.5,-1,-0.07206754,-0.0196113,1.16756088,-0.51054114
TNG50-1,67,0.5,-1,0.05549848,-0.09284052,1.05288648,0.34858697
TNG50-1,67,0.5,-1,0.06783816,-0.03394897,0.9291169,0.34182981
TNG50-1,67,0.5,-1,-0.03724915,-0.00037836,1.39918611,-0.73104965
TNG50-1,67,0.5,-1,-0.03160429,0.04651889,1.26495306,-0.87351276
TNG50-1,67,0.5,-1,0.03081177,-0.03856151,1.32248728,-1.21294613
TNG50-1,67,0.5,-1,-0.11635499,0.08286881,0.90808407,0.50050031
TNG50-1,67,0.5,-1,-0.09305968,-0.0342278,1.11903537,0.88253304
TNG50-1,67,0.5,-1,-0.01403667,-0.03415459,0.9093943,0.81980796
TNG50-1,67,0.5,-1,0.07749453,0.07686788,1.21358167,-0.57718793
TNG50-1,67,0.5,-1,-0.0217865,0.01057301,1.38004634,-0.92595349
TNG50-1,67,0.5,-1,0.00504684,-0.02760124,0.3693341,-0.14572536
TNG50-1,67,0.5,-1,0.05668946,-0.00775666,1.31014753,0.14706882
TNG50-1,67,0.5,-1,0.10534424,0.06765368,1.29456131,1.31660104
TNG50-1,67,0.5,-1,-0.02884242,0.07331014,1.27794362,1.17754167
TNG50-1,67,0.5,-1,-0.00084184,-0.04083966,0.26573895,1.3070858
TNG50-1,67,0.5,-1,0.09110276,-0.00212169,0.8361384,1.10038174
TNG50-1,67,0.5,-1,-0.07610996,0.00450784,0.84415553,1.4595249
TNG50-1,67,0.5,-1,0.05137905,-0.04931201,0.248466,-0.10838496
TNG50-1,67,0.5,-1,-0.05091578,-0.00278425,1.32677028,-1.42165394
TNG50-1,67,0.5,-1,0.00512362,0.00026614,0.28589453,-1.30827846
TNG50-1,67,0.5,-1,-0.01213095,0.05701047,1.22893841,-0.34470767
TNG50-1,67,0.5,-1,-0.04790058,0.06037125,0.8302151,-0.76124845
TNG50-1,67,0.5,-1,-0.0491551,-0.01646047,1.03528994,-1.03691221
TNG50-1,67,0.5,-1,0.01382072,-0.01069766,1.06899418,1.42378165
TNG50-1,67,0.5,-1,0.04977697,0.03321462,0.39142373,-0.95686758
TNG50-1,67,0.5,-1,-0.00648681,-0.02925942,1.27567447,1.44318255
TNG50-1,67,0.5,-1,0.00350566,0.02943201,0.21161877,0.81944938
TNG50-1,67,0.5,-1,0.0285587,-0.00439532,1.07344874,0.44279389
TNG50-1,67,0.5,-1,-0.04858094,-0.04846993,0.80162606,0.55297987
TNG50-1,67,0.5,-1,0.03698463,-0.04784184,0.30426357,-0.52943903
TNG50-1,67,0.5,-1,0.04096715,0.07235293,1.35243544,0.46001411
TNG50-1,67,0.5,-1,0.13018131,-0.00782107,0.40884893,-0.98428574
TNG50-1,67,0.5,-1,-0.01880521,0.0820177,0.88930643,1.37509217
TNG50-1,67,0.5,-1,-0.02290409,-0.02568181,0.73683548,-0.62268459
TNG50-1,67,0.5,-1,0.03844829,0.01456026,1.27571134,-0.76910425
TNG50-1,67,0.5,-1,0.04095521,0.11963384,0.92471272,0.6633875
TNG50-1,67,0.5,-1,-0.02675436,-0.05286934,0.77334194,0.49149814
TNG50-1,67,0.5,-1,-0.02015813,-0.09489072,1.00086667,-0.15299896
TNG50-1,67,0.5,-1,0.02705654,0.06432951,1.27079597,0.41609212
TNG50-1,67,0.5,-1,-0.04137921,-0.04134046,1.19423182,-1.06973406
TNG50-1,67,0.5,-1,-0.0205267,-0.00103532,0.53137675,0.54452694
TNG50-1,67,0.5,-1,0.00447964,-0.02929591,1.37158933,-0.72064775
TNG50-1,67,0.5,-1,0.04979693,0.01340814,0.73143615,-0.71365683
TNG50-1,67,0.5,-1,-0.03022993,-0.04752681,0.20247213,-1.06129303
TNG50-1,67,0.5,-1,-0.09211922,-0.008997,1.39384522,-0.52660276
TNG50-1,67,0.5,-1,-0.09582987,0.02249077,1.26565271,-0.53014043
TNG50-1,67,0.5,-1,-0.06297065,-0.05041544,0.77261036,-0.14395088
TNG50-1,67,0.5,-1,-0.06565839,-0.0350042,1.35045195,-0.97257581
TNG50-1,67,0.5,-1,-0.00773054,-0.01736914,0.86616149,-0.96444527
TNG50-1,67,0.5,-1,-0.05944401,-0.07144077,0.76110365,0.13112559
TNG50-1,67,0.5,-1,-0.03513775,-0.02112805,0.86790793,-1.16591602
TNG50-1,67,0.5,-1,-0.03870429,0.00593983,1.0862544,0.59343745
TNG50-1,67,0.5,-1,-0.02202539,-0.01997745,0.74537275,1.39470103
TNG50-1,67,0.5,-1,0.06612522,-0.01356882,0.86136195,-0.22997834
TNG50-1,67,0.5,-1,0.03309738,-0.00099508,1.22582053,1.26010951
TNG50-1,67,0.5,-1,0.00080647,-0.03278717,0.89417416,-1.26192565
TNG50-1,67,0.5,-1,-0.02305131,0.03455313,0.48559011,-1.43584096
TNG50-1,67,0.5,-1,-0.02166163,0.07179891,0.78105894,0.69545084
TNG50-1,67,0.5,-1,0.01638732,-0.02321902,0.98583735,0.82002346
TNG50-1,67,0.5,-1,0.02920845,0.02425991,1.12576934,1.07774925
TNG50-1,67,0.5,-1,-0.04538088,-0.01198086,1.32890068,-1.39229833
TNG50-1,67,0.5,-1,0.00182404,0.01827437,1.19378919,0.86992917
TNG50-1,67,0.5,-1,-0.10158098,0.07828898,1.39079638,-0.38786501
TNG50-1,67,0.5,-1,0.01058569,0.02543298,0.24870401,-0.61783305
TNG50-1,67,0.5,-1,0.03810746,-0.08867073,1.21301183,-1.02722565
TNG50-1,67,0.5,-1,-0.01400343,0.02269978,0.59151349,1.55827945
TNG50-1,67,0.5,-1,0.09082635,0.06164319,1.25919182,-1.37079126
TNG50-1,67,0.5,-1,-0.04406192,-0.01107981,1.15959339,1.02732598
TNG50-1,67,0.5,-1,0.01087202,0.04978174,1.0369905,0.43823469
TNG50-1,67,0.5,-1,-0.00179124,-0.03450578,1.1232354,0.738527
TNG50-1,67,0.5,-1,-0.00501488,-0.07427696,0.61510877,0.66512895
TNG50-1,67,0.5,-1,-0.00571611,0.00705845,0.33076544,1.12605515
TNG50-1,67,0.5,-1,0.00535525,-0.08782384,0.49694584,-0.99339651
TNG50-1,67,0.5,-1,0.04239794,-0.01198855,1.27198911,-1.56820572
TNG50-1,67,0.5,-1,0.06888681,0.06434211,0.64489614,0.30953638
TNG50-1,67,0.5,-1,-0.00011251,-0.09548815,1.27675876,-0.45911663
TNG50-1,67,0.5,-1,0.0407658,-0.06397484,0.42776144,-1.18190696
TNG50-1,67,0.5,-1,-0.03508835,-0.05160161,0.94035626,-0.98602418
TNG50-1,67,0.5,-1,0.03829777,-0.00316599,1.11244604,-0.52857512
TNG50-1,67,0.5,-1,-0.03809958,-0.01828584,1.26906537,-1.35015168
TNG50-1,67,0.5,-1,0.054533,0.06995682,1.39028392,-1.39199823
TNG50-1,67,0.5,-1,0.11053204,0.04771742,1.19089497,1.30698503
TNG50-1,67,0.5,-1,-0.00610419,0.02476365,0.42651196,-0.59029662
TNG50-1,67,0.5,-1,-0.10962717,0.00728152,0.6166354,1.51497242
TNG50-1,67,0.5,-1,-0.02740365,0.01966149,0.29911898,1.45885198
TNG50-1,67,0.5,-1,0.06159376,-0.04309912,1.31646945,-1.12289543
TNG50-1,67,0.5,-1,0.02765384,0.04286052,0.86361869,0.67520461
TNG50-1,67,0.5,-1,0.01244568,-0.05560221,1.18285384,0.3166879
TNG50-1,67,0.5,-1,0.05043342,0.04176885,0.91498317,0.59893544
TNG50-1,67,0.5,-1,0.02422267,0.05930713,1.12678258,-1.26860339
TNG50-1,67,0.5,-1,0.06088626,0.01054323,1.15971323,-0.97841737
TNG50-1,67,0.5,-1,0.04597118,-0.00881065,0.88299633,-1.33002887
TNG50-1,67,0.5,-1,0.07608502,0.0200155,1.24667806,0.32714725
TNG50-1,67,0.5,-1,0.0179398,-0.14307592,0.98841787,1.52867095
TNG50-1,67,0.5,-1,0.04526297,0.01511291,0.79932636,0.54030536
TNG50-1,67,0.5,-1,-0.01535635,-0.0056677,1.29344686,0.66212689
TNG50-1,67,0.5,-1,-0.03007304,-0.00253141,0.39279967,1.52236881
TNG50-1,67,0.5,-1,0.08533838,0.03532663,0.95249178,0.55923979
TNG50-1,67,0.5,-1,0.01081023,-0.00373845,0.58472069,-1.44456219
TNG50-1,67,0.5,-1,0.04024403,-0.05701034,0.79582504,1.1529821
TNG50-1,67,0.5,-1,0.006187,-0.00707013,0.73005383,-0.42512569
TNG50-1,67,0.5,-1,-0.02932578,0.00337777,0.72257638,-1.55708761
TNG50-1,67,0.5,-1,0.00054914,0.0057467,0.49727639,0.02272684
TNG50-1,67,0.5,-1,0.0717997,0.00809597,0.84055619,1.37292312
TNG50-1,67,0.5,-1,0.027762,0.05196845,1.1643467,-0.76236813
TNG50-1,67,0.5,-1,-0.08557366,-0.05430173,1.31751716,-0.02666215
TNG50-1,67,0.5,-1,-0.01076222,0.00878502,0.84852519,-1.02486013
TNG50-1,67,0.5,-1,0.08911469,0.06449648,1.34516728,-1.38954945
TNG50-1,67,0.5,-1,-0.01068984,-0.08673057,1.19669213,-1.31775691
TNG50-1,67,0.5,-1,-0.09002393,0.00898233,1.34985722,0.71317579
TNG50-1,67,0.5,-1,0.09465244,-0.02926893,0.90889133,1.14377368
TNG50-1,67,0.5,-1,0.03411963,-0.01853552,1.26625361,-1.12060975
TNG50-1,67,0.5,-1,-0.00350064,-0.04524038,0.84402831,-0.66501683
TNG50-1,67,0.5,-1,-0.01857089,-0.00847754,0.62554087,-0.95809318
TNG50-1,67,0.5,-1,0.0541176,0.09206278,0.58125859,-1.48642642
TNG50-1,67,0.5,-1,-0.02709917,-0.06322152,1.13654849,0.1678596
TNG50-1,67,0.5,-1,0.05741282,-0.0584805,0.90882258,0.62807402
TNG50-1,67,0.5,-1,0.02710976,-0.06509673,0.89430381,0.46457081
TNG50-1,67,0.5,-1,0.0122341,0.08637091,0.98477237,-0.35169015
TNG50-1,67,0.5,-1,0.00727574,-0.02311699,0.79445385,0.17281978
TNG50-1,67,0.5,-1,-0.0087484,-0.00128195,1.22371077,-1.27517464
TNG50-1,67,0.5,-1,0.05228201,-0.02013915,0.27194032,-1.0860369
TNG50-1,67,0.5,-1,-0.04326714,-0.04722114,1.31871344,1.3565228
TNG50-1,67,0.5,-1,-0.08109626,-0.01175753,0.57033765,0.82155082
TNG50-1,67,0.5,-1,0.03072201,0.12291218,0.8615738,1.32807404
TNG50-1,67,0.5,-1,0.03156192,0.06960355,1.19359087,1.30903972
TNG50-1,67,0.5,-1,0.02401206,-0.04264689,0.685602,0.46933075
TNG50-1,67,0.5,-1,0.02038642,0.03237871,1.33007309,1.34535139
TNG50-1,67,0.5,-1,-0.01602702,-0.04157614,0.64795027,-0.26168178
TNG50-1,67,0.5,-1,0.03937414,-0.08881838,0.86595387,-1.55943556
TNG50-1,67,0.5,-1,-0.00227791,0.05097555,1.30809938,-1.37422337
TNG50-1,67,0.5,-1,-0.02435568,0.05800464,1.33422117,-1.22683175
TNG50-1,67,0.5,-1,-0.01559457,0.05230261,0.67897116,-1.27123462
TNG50-1,67,0.5,-1,0.10103198,-0.02349326,1.15132863,-0.46589068
TNG50-1,67,0.5,-1,-0.0867488,-0.00833879,0.47259495,0.63231089
TNG50-1,67,0.5,-1,0.02498941,0.03748828,0.66434293,0.91310016
TNG50-1,67,0.5,-1,-0.08395552,0.0195748,0.74428766,0.28341336
TNG50-1,67,0.5,-1,-0.00541167,-0.01968187,1.16400368,-1.11075352
TNG50-1,67,0.5,-1,-0.02168137,-0.08095359,0.73133615,0.77880585
TNG50-1,67,0.5,-1,-0.10425141,0.00569376,0.35380541,-0.45615322
TNG50-1,67,0.5,-1,0.01945188,0.05395048,1.32416387,-1.52997652
TNG50-1,67,0.5,-1,-0.0190019,-0.05987941,1.12165596,-0.68930118
TNG50-1,67,0.5,-1,-0.10496032,0.03193797,1.20244803,-0.53218405
TNG50-1,67,0.5,-1,0.0419784,0.01657708,1.06038194,-0.70922857
TNG50-1,67,0.5,-1,0.07175031,0.03750741,0.68986741,0.97976898
TNG50-1,67,0.5,-1,0.07450622,0.04359877,0.98345388,0.81658286
TNG50-1,67,0.5,-1,0.01794782,-0.03472326,0.88625765,0.61434482
TNG50-1,67,0.5,-1,0.00230291,-0.08084797,1.13242667,-1.13409899
TNG50-1,67,0.5,-1,0.06640783,-0.02667598,1.2823892,0.96708875
TNG50-1,67,0.5,-1,0.08411918,0.04445637,1.17427715,0.5566147
TNG50-1,67,0.5,-1,0.05667844,-0.0271002,0.52286177,-0.95869568
TNG50-1,67,0.5,-1,-0.04707688,-0.03470217,0.85265684,0.4652508
TNG50-1,67,0.5,-1,0.01006724,-0.09106752,1.07449593,-0.05179971
TNG50-1,67,0.5,-1,0.02197581,0.08763238,0.62686666,-0.1905374
TNG50-1,67,0.5,-1,-0.09048085,0.04128568,1.34674236,-1.21855102
TNG50-1,67,0.5,-1,0.02346803,0.0384948,1.18570458,0.05750458
TNG50-1,67,0.5,-1,0.11364959,0.04838627,1.20641257,-1.25685129
TNG50-1,67,0.5,-1,0.03199681,0.02883542,0.25282189,-1.05477909
TNG50-1,67,0.5,-1,0.07367065,-0.01221644,0.73478158,-1.1543898
TNG50-1,67,0.5,-1,0.00914574,-0.00818821,0.83600117,1.42662323
TNG50-1,67,0.5,-1,-0.00366092,-0.02137822,1.3959006,-0.67586751
TNG50-1,67,0.5,-1,0.01906357,0.13173704,1.24583032,-0.45488903
TNG50-1,67,0.5,-1,-0.04079133,0.0277956,0.81644133,-0.55895026
