epoch,train_nll,val_nll,val_rmse_g1,val_rmse_g2,val_sigma_g1,val_sigma_g2
0,-1.749821503309556,-1.7440232803081643,0.03152312710881233,0.04830315709114075,0.05001193284988403,0.04998200014233589
1,-1.9770424861672484,-1.982948323775982,0.016526374965906143,0.02581302635371685,0.05000297352671623,0.04998702183365822
2,-2.02224659425241,-1.9887483380306725,0.01640717126429081,0.024740470573306084,0.05000622570514679,0.04998359456658363
3,-2.0337443812099503,-1.9964220775955024,0.01653515174984932,0.023042723536491394,0.050009459257125854,0.049980632960796356
4,-2.038467861281501,-2.006292855328527,0.015472980216145515,0.021574491634964943,0.05001337453722954,0.049987129867076874
5,-2.040923707043683,-1.5192074394774162,0.04642697423696518,0.03959482163190842,0.033400487154722214,0.03530934080481529
6,-2.249675840801663,-2.5900381406148276,0.013187001459300518,0.021025508642196655,0.020658044144511223,0.022209221497178078
7,-2.6425388164284787,-2.456954216683048,0.02063557505607605,0.01648608408868313,0.01406379695981741,0.01492258720099926
8,-2.6626699020244455,-2.750487456376525,0.012496711686253548,0.017693759873509407,0.013940888457000256,0.02151339501142502
9,-2.704564145406087,-2.91225157880235,0.012551934458315372,0.01419787760823965,0.011919096112251282,0.014527645893394947
10,-2.687342149063393,-2.804536034595007,0.014673191122710705,0.015391792170703411,0.015300477854907513,0.014135852456092834
11,-2.792296727851585,-2.8888111218638803,0.01110918540507555,0.015643516555428505,0.011540946550667286,0.013193083927035332
12,-2.847843916033521,-2.4494935282345476,0.016071880236268044,0.017339248210191727,0.010789739899337292,0.011114857159554958
13,-2.8823633328190557,-2.487358371142683,0.016567444428801537,0.01768452115356922,0.011203417554497719,0.01217097882181406
14,-2.806675841955491,-2.7996066372970057,0.010955641977488995,0.016697058454155922,0.014130562543869019,0.012996370904147625
15,-2.865534744615908,-2.8695182718079666,0.01271755900233984,0.013943628408014774,0.012461517006158829,0.013170788995921612
16,-2.9490251962638196,-2.741527948160281,0.010626034811139107,0.017734305933117867,0.011728270910680294,0.011888599954545498
17,-2.8481347040482508,-2.771823924163292,0.012895160354673862,0.015295690856873989,0.009748440235853195,0.011520006693899632
18,-2.8529181042423954,-2.9458010585828758,0.01160499732941389,0.013891207054257393,0.010235373862087727,0.012868423946201801
19,-3.033462994422442,-3.0460431510004504,0.00938154011964798,0.013461998663842678,0.00930214487016201,0.011114515364170074
20,-2.885994272467531,-2.931573746122163,0.010692684911191463,0.01523547526448965,0.010856359265744686,0.013920210301876068
21,-2.991943335356536,-3.0783621398881933,0.010401695966720581,0.011625008657574654,0.010187242180109024,0.01193354744464159
22,-3.1149042002360026,-2.7114583031884556,0.012953768484294415,0.014602573588490486,0.008170809596776962,0.011798308230936527
23,-3.0097993044205653,-2.484271220503182,0.010231568478047848,0.02086959406733513,0.00944546703249216,0.01064320933073759
24,-3.002032969203996,-2.609452176916188,0.0136641226708889,0.016813641414046288,0.011466213501989841,0.010533387772738934
25,-3.0072816940590186,-2.81146520472121,0.011417197994887829,0.015749389305710793,0.010268297977745533,0.00993580836802721
26,-3.099426433834029,-2.612337454434099,0.011635638773441315,0.01610933244228363,0.008964603766798973,0.009197116829454899
27,-3.1014821557645447,-3.019932609865035,0.011943941004574299,0.011484876275062561,0.010212976485490799,0.010341082699596882
28,-3.045604281072263,-2.371053827219996,0.01732586696743965,0.015430960804224014,0.009996345266699791,0.009960826486349106
29,-3.167150118557023,-2.9034636135759024,0.009149758145213127,0.014101862907409668,0.00865733902901411,0.008549624122679234
30,-3.1027046338717144,-2.083215342444935,0.018339695408940315,0.012057032436132431,0.007838590070605278,0.009450254030525684
31,-3.1050845587695086,-2.7966793882435765,0.011555841192603111,0.013612818904221058,0.009736403822898865,0.008457871153950691
32,-3.173536561565635,-3.1050515114575967,0.009098144248127937,0.01146980095654726,0.009227629750967026,0.008282911032438278
33,-3.25036211543613,-2.7958944085000574,0.012050461955368519,0.01259457878768444,0.00833638571202755,0.008198685012757778
34,-3.229939989513821,-3.0032372540441052,0.009698326699435711,0.011949283070862293,0.007971767336130142,0.008040028624236584
35,-3.1524491469065348,-2.934601018072545,0.011336654424667358,0.011915016919374466,0.008724840357899666,0.008396483957767487
36,-3.2803388298882377,-2.8574988392577776,0.01068209670484066,0.012935273349285126,0.008331695571541786,0.00797549169510603
37,-3.2037590046870856,-3.0259073065615247,0.009912200272083282,0.011987606063485146,0.008221711032092571,0.008351163007318974
38,-3.228126834469077,-3.001551427512333,0.00935955997556448,0.013169256038963795,0.008166163228452206,0.009201564826071262
39,-3.3011666164869142,-3.006246504838439,0.009980362839996815,0.011773159727454185,0.007412262260913849,0.008215273730456829
40,-3.196643340734788,-2.740202271801302,0.01185647677630186,0.012496012263000011,0.0076431757770478725,0.00788172334432602
41,-3.317170530366309,-3.074301395197024,0.00890722218900919,0.011484154500067234,0.0074195112101733685,0.00774603383615613
42,-3.3197166995060297,-2.907502100933557,0.009970695711672306,0.012231751345098019,0.007520103361457586,0.007517282385379076
43,-3.365770261199386,-3.0170468028934523,0.008826158940792084,0.011787633411586285,0.007216276600956917,0.007509488612413406
44,-3.2872847016652424,-2.8015238838634273,0.011229592375457287,0.01158198807388544,0.0070251296274363995,0.007604409009218216
