sim,snap,subhalo_id,tng_mass_stars,tng_mass_gas,tng_sfr,tng_halfmassrad_stars,tng_vmax,tng_starmetallicity,tng_gasmetallicity,tng_len_stars,tng_len_gas
TNG50-1,40,83216,25.1694,20.2433,1.29672,1.0081,1253.61,0.0454246,0.05454,5724747,3322847
TNG50-1,40,72284,24.2414,32.3118,67.5175,9.2287,721.143,0.0340337,0.0295954,5600006,5160070
TNG50-1,40,59042,22.6952,42.2586,100.98,6.4517,726.971,0.0357384,0.0221961,5095303,6827467
TNG50-1,40,85095,22.5819,27.2884,60.7997,7.2572,685.059,0.0349115,0.0243748,5186037,4383021
TNG50-1,40,74669,19.4522,32.0378,5.86632,4.6579,680.461,0.0319237,0.0158021,4503099,5270547
TNG50-1,40,108378,8.15498,20.9487,47.1624,0.9312,719.883,0.039956,0.0120602,1866038,3349905
TNG50-1,40,144699,6.37597,11.6475,20.5133,1.1182,599.452,0.0385287,0.0167077,1458782,1840735
TNG50-1,40,187778,5.58303,7.77488,48.5463,5.2279,384.043,0.0268305,0.0202847,1268601,1183851
TNG50-1,40,36239,4.89929,0.230278,2.3745,0.7047,638.973,0.0381114,0.0362819,1102608,34702
TNG50-1,40,172175,4.58988,11.5409,31.852,2.6831,439.543,0.0346173,0.0315569,1044445,1859212
TNG50-1,40,196834,4.00628,8.71541,28.1307,5.8989,317.726,0.0262351,0.0247693,901197,1387530
TNG50-1,40,215463,3.96136,6.31602,17.0122,4.6636,359.065,0.0275234,0.0342363,898138,977307
TNG50-1,40,149622,3.88545,10.9843,58.0585,1.1608,485.074,0.0361392,0.0192816,864217,1762843
TNG50-1,40,36240,3.68473,1.32818,37.1233,3.0259,359.597,0.0313144,0.0366067,827348,200158
TNG50-1,40,44891,3.29746,0.021642,0.0170853,0.7484,509.718,0.0366217,0.0390496,766814,3086
TNG50-1,40,165004,3.27095,10.9012,18.353,9.8723,251.329,0.0213412,0.0252948,735015,1731895
TNG50-1,40,194867,2.75574,6.46188,32.8093,2.0737,349.18,0.0301507,0.0177857,622988,1028395
TNG50-1,40,66107,2.74949,5.24957,15.2879,4.0062,267.793,0.0276527,0.0269342,620400,813447
TNG50-1,40,223494,2.72458,6.78814,24.6783,7.0601,241.668,0.0218735,0.0226463,618937,1062433
TNG50-1,40,246391,2.27925,5.2518,8.26518,1.1432,363.259,0.0352846,0.0415271,526195,820915
TNG50-1,40,223070,2.1389,7.00236,18.0828,3.0397,261.971,0.026414,0.0221523,481692,1121048
TNG50-1,50,118813,23.0651,44.7981,16.6239,4.6588,684.307,0.035532,0.0207002,5565020,7368807
TNG50-1,50,110862,20.3944,34.7975,59.1852,7.5084,542.039,0.0305866,0.0224043,4828255,5607939
TNG50-1,50,146546,19.6933,23.7537,2.43027,2.572,742.781,0.036421,0.0254688,4803023,3861966
TNG50-1,50,183225,14.1586,19.7442,49.8951,5.813,538.247,0.0316506,0.0298543,3323383,3144831
TNG50-1,50,181044,12.562,13.1671,0.238394,1.6457,652.476,0.0356543,0.0386183,3073118,2136579
TNG50-1,50,171738,12.3338,21.3492,20.7998,3.9721,586.552,0.0329212,0.0262372,2890537,3455233
TNG50-1,50,87125,8.54634,73.501,41.301,9.6364,326.582,0.0264984,0.0262548,1936187,12032878
TNG50-1,50,213279,7.23597,13.6373,41.7197,8.4421,341.849,0.0266669,0.0248748,1672019,2171783
TNG50-1,50,130255,7.1274,7.32569,29.8245,3.6957,428.234,0.0317102,0.0222231,1664210,1118080
TNG50-1,50,195636,6.20021,11.0883,29.4376,6.8098,359.982,0.0278554,0.0220829,1439233,1731225
TNG50-1,50,241679,6.08439,12.2569,18.43,8.1548,287.22,0.0281303,0.0261921,1407262,1960631
TNG50-1,50,253145,6.01717,9.35025,22.9065,3.367,423.366,0.0345538,0.017559,1416521,1466297
TNG50-1,50,194155,5.91341,13.1688,7.61319,1.1393,532.678,0.0393535,0.0242415,1388214,2073165
TNG50-1,50,258649,5.52762,7.92264,29.1695,4.6949,399.846,0.0274068,0.025047,1276236,1239445
TNG50-1,50,285786,4.85262,7.26434,18.0146,6.945,323.596,0.0272081,0.0283109,1118262,1168821
TNG50-1,50,160371,4.68577,8.39005,8.65211,2.1573,373.051,0.0370752,0.0132436,1110990,1324329
TNG50-1,50,296598,4.5255,3.53941,14.2358,1.0899,456.855,0.0353632,0.0263647,1068402,543128
TNG50-1,50,257247,4.50818,10.9476,71.64,4.4968,312.401,0.0286345,0.0251673,1012130,1767594
TNG50-1,50,247697,4.18547,8.31754,0.146804,0.7472,521.606,0.0386434,0.0270647,977487,1327103
TNG50-1,50,246598,4.05506,13.6529,25.9902,2.514,368.433,0.0338633,0.0245169,916349,2210679
TNG50-1,50,298512,3.87839,6.84749,15.8184,8.1844,241.31,0.023332,0.030519,905965,1061933
TNG50-1,50,257926,3.80072,10.9109,7.79707,2.8741,348.746,0.0286319,0.0198887,885598,1732396
TNG50-1,50,41131,3.75727,5.33881,13.5688,2.2413,322.057,0.0304469,0.0233368,869717,802060
TNG50-1,50,302096,3.65381,4.47587,1.35151,2.405,345.066,0.0306334,0.0220117,862166,697562
TNG50-1,50,41134,3.64393,0.078173,0.0536848,0.839,450.942,0.0375227,0.0337964,873623,11337
TNG50-1,50,300297,3.54757,5.89914,8.04518,5.6532,243.519,0.0253953,0.0363066,826364,937502
TNG50-1,50,191613,3.52264,4.55927,12.443,4.5324,261.12,0.0280977,0.0321384,822677,732210
TNG50-1,50,87131,3.47058,2.34076,30.1142,3.886,276.636,0.0270209,0.0251658,802470,346840
TNG50-1,50,165283,3.4281,4.87324,18.3078,2.9774,338.677,0.0297467,0.0245263,795318,759690
TNG50-1,50,276807,3.33777,9.75386,27.8433,2.7649,327.873,0.0309258,0.0246758,767450,1565031
TNG50-1,50,70419,3.05845,0.000595,0.0,0.8996,415.407,0.0353854,0.0403004,751546,67
TNG50-1,50,317082,3.03953,4.16558,5.06737,2.2371,314.802,0.0338895,0.0329823,720313,676158
TNG50-1,50,87129,3.02983,5.52558,9.99662,3.9931,280.917,0.0268387,0.0347685,702251,832840
TNG50-1,59,104587,37.2658,109.905,10.1155,9.1032,610.32,0.0321609,0.0162057,9135239,18162102
TNG50-1,59,95226,29.5162,153.453,86.4729,18.3053,715.044,0.0294427,0.014156,6764960,25183620
TNG50-1,59,201917,20.9083,12.802,14.5649,6.8111,521.33,0.0318384,0.0403759,5010948,2075671
TNG50-1,59,210457,17.2899,25.0662,17.7985,7.3415,508.713,0.0314112,0.0248386,4163709,4090516
TNG50-1,59,241194,12.3332,17.832,12.8668,4.6529,464.214,0.0306376,0.0192025,2908309,2880526
TNG50-1,59,235213,10.6036,24.4526,20.4899,6.5301,381.957,0.0286886,0.0211298,2481303,3924878
TNG50-1,59,184869,9.87145,24.4482,2.54917,1.8234,542.647,0.0357842,0.0320809,2417536,4018751
TNG50-1,59,286741,8.91926,4.94676,7.72655,5.0526,349.98,0.0290018,0.0346248,2133777,792293
TNG50-1,59,263630,8.7738,14.293,18.1011,8.8104,331.114,0.0272265,0.0260971,2086105,2245530
TNG50-1,59,245787,8.11788,10.9119,20.1497,9.1007,345.616,0.026325,0.0280814,1918586,1710955
TNG50-1,59,297676,7.92426,10.5124,23.439,5.5609,354.508,0.0295537,0.0273782,1877183,1650057
TNG50-1,59,85605,7.34154,2.96827,26.7029,4.5256,389.245,0.0290468,0.02233,1766050,449754
TNG50-1,59,307402,7.28266,6.27802,8.69982,1.7343,474.685,0.0365081,0.026017,1777459,990458
TNG50-1,59,287600,7.24616,13.0736,19.3487,9.1722,277.876,0.0264076,0.0270295,1717378,2040523
TNG50-1,59,32347,6.49311,0.000678,0.0,1.3713,465.672,0.0361422,0.03926,1623176,77
TNG50-1,59,312112,6.31183,9.4633,21.5694,5.1468,378.556,0.0288127,0.0243662,1483319,1484993
TNG50-1,59,316982,6.23106,7.27986,13.4042,3.5185,366.245,0.0290058,0.0297889,1475555,1191027
TNG50-1,59,328138,5.96869,9.34038,18.9196,5.399,343.476,0.0299629,0.0157711,1418100,1466856
TNG50-1,59,285957,5.89382,12.1023,17.0138,7.6212,297.08,0.0254748,0.0216048,1403173,1892524
TNG50-1,59,291301,5.58478,6.3622,7.19516,3.7434,348.854,0.0310841,0.0167117,1352616,990076
TNG50-1,59,331479,5.49395,5.65399,4.24946,1.224,466.266,0.0336738,0.0290738,1341270,879119
TNG50-1,59,354305,5.126,3.56778,10.4566,5.8205,316.983,0.025343,0.0319427,1214804,554715
TNG50-1,59,325890,5.0194,10.3188,16.2794,2.6646,443.352,0.0334916,0.0226352,1158226,1698670
TNG50-1,59,258554,4.05476,10.4389,41.1864,1.3574,425.229,0.0356803,0.0223681,955472,1704515
TNG50-1,59,296530,3.96968,13.6872,26.0348,5.8643,297.886,0.0252851,0.0231069,908636,2186093
TNG50-1,59,336863,3.74929,7.63943,11.8021,3.955,274.703,0.0279624,0.0216827,887331,1212365
TNG50-1,67,178497,37.4294,50.5598,2.36402,10.1174,559.133,0.0320114,0.0402962,9193252,8251110
TNG50-1,67,173133,31.9853,79.5168,49.5701,11.5647,545.228,0.0291443,0.0218177,7872722,13067991
TNG50-1,67,194783,29.8246,52.7627,19.0009,8.157,519.316,0.0329506,0.0251694,7366154,8660970
TNG50-1,67,266535,14.4393,12.9176,4.03861,10.4406,390.53,0.0272985,0.0269285,3515809,2055404
TNG50-1,67,258162,13.7695,17.5697,19.2489,4.426,434.96,0.0291301,0.0303092,3311174,2833824
TNG50-1,67,153307,13.7047,20.7266,11.5396,4.7032,486.165,0.0314894,0.0357295,3335905,3321152
TNG50-1,67,234935,12.7257,19.619,1.20905,5.5741,474.661,0.0310608,0.00897,3152039,3166589
TNG50-1,67,253460,12.2965,18.6456,0.433421,1.4285,600.237,0.0353592,0.0418741,3092126,3028506
TNG50-1,67,207315,10.6383,7.23857,6.73748,5.1243,477.973,0.0293882,0.0300623,2606296,1153882
TNG50-1,67,283791,10.4125,12.5385,2.24662,3.4059,454.707,0.0313481,0.0111041,2617414,2030292
TNG50-1,67,315275,10.1598,4.6796,0.000341043,2.5458,492.092,0.0312181,0.0287671,2512192,765617
TNG50-1,67,160813,9.77609,6.68922,33.1842,8.2617,359.285,0.0246304,0.0193618,2379052,1029522
TNG50-1,67,332674,9.54313,3.32404,0.407372,4.3919,391.0,0.0309431,0.0368836,2349596,531010
TNG50-1,67,313615,8.08421,14.0463,11.3861,15.2599,273.539,0.0225879,0.0166481,1947016,2236700
TNG50-1,67,11,7.83649,7.8e-05,0.0,1.1339,507.877,0.0403419,0.0222318,1981219,11
TNG50-1,67,340830,7.72092,8.84014,21.4902,5.3969,348.298,0.0261921,0.0266766,1844422,1390422
TNG50-1,67,274916,7.617,10.2922,5.11971,2.3663,418.54,0.0330432,0.0304542,1885706,1652048
TNG50-1,67,271075,7.48504,14.7081,14.2745,8.4082,370.937,0.0241018,0.0246872,1803005,2393892
TNG50-1,67,362619,7.4711,2.37135,0.476373,3.957,366.284,0.0272399,0.0266848,1843623,364941
TNG50-1,67,303329,6.65255,12.6123,3.03722,5.1491,349.937,0.0269988,0.0409816,1623105,2030238
TNG50-1,67,160815,6.60055,1.36693,3.19978,2.5729,389.108,0.0323211,0.0145485,1645086,211531
TNG50-1,67,352688,6.59495,4.62063,0.117469,2.9564,363.936,0.0301528,0.0240024,1649122,731286
TNG50-1,67,232228,6.38601,3.14865,2.37238,1.4548,432.561,0.0390202,0.0182351,1573747,476641
TNG50-1,67,184180,5.53646,15.1634,6.14741,4.3889,363.783,0.028417,0.0109399,1333619,2392235
TNG50-1,67,242560,5.23882,15.7407,4.31561,7.538,236.96,0.0237413,0.0288193,1252081,2529524
TNG50-1,67,359432,5.16882,10.3883,21.6929,7.2156,286.696,0.0236335,0.0203032,1224563,1621221
TNG50-1,67,364391,5.04843,6.12196,4.91079,5.3312,257.991,0.0274231,0.0383895,1192463,998359
TNG50-1,67,356635,5.00309,9.70721,24.0842,8.9784,257.991,0.0191417,0.0220302,1181962,1559180
TNG50-1,67,381701,4.95022,5.58371,10.7761,3.7647,287.575,0.0305451,0.0174394,1195081,877129
TNG50-1,67,385414,4.82906,6.75347,15.2382,8.497,268.69,0.023175,0.0165146,1145530,1052291
TNG50-1,67,392041,4.71652,6.80102,7.13477,7.3518,294.176,0.0250363,0.0322511,1156992,1055010
TNG50-1,67,153311,4.70631,2.7554,3.18765,2.2209,360.339,0.0341144,0.0176425,1151689,416108
TNG50-1,67,389526,4.70079,7.32337,21.9876,6.1329,252.132,0.0239636,0.0244604,1104419,1145633
TNG50-1,67,390403,4.64486,1.25392,0.354268,1.1739,395.642,0.0338645,0.0324044,1152384,202525
TNG50-1,67,173135,4.58227,0.42696,2.37926,2.9939,301.524,0.0305188,0.0133375,1139497,64767
TNG50-1,67,242562,4.47446,4.64607,7.90066,6.0698,254.824,0.0241608,0.0251085,1085824,712711
TNG50-1,67,354839,4.27157,11.2698,7.06584,3.541,291.99,0.0288286,0.0165954,1026669,1803633
TNG50-1,67,173134,4.08451,1.63708,46.5319,4.8699,269.332,0.0229683,0.0242043,956759,255127
TNG50-1,40,51912,17.447,45.1508,42.4581,6.6484,679.137,0.0287623,0.03497,3957775,7335969
TNG50-1,40,66106,16.5959,38.6266,109.547,5.1154,693.701,0.0360476,0.0180219,3744128,6215286
TNG50-1,40,121114,12.9211,9.28284,0.47829,1.6725,745.214,0.0360945,0.0232874,3028940,1512655
TNG50-1,40,102573,12.4265,32.0642,231.069,5.2239,590.685,0.0292854,0.0212949,2747406,5166329
TNG50-1,40,93692,11.1767,33.8201,31.285,2.2883,686.267,0.0379331,0.0253934,2473850,5510872
TNG50-1,40,95933,11.0153,29.4483,80.376,3.7279,611.642,0.0352225,0.0242476,2488214,4724572
TNG50-1,40,125535,8.332,18.5498,46.7423,2.3209,551.195,0.0385137,0.0324418,1843032,3048072
TNG50-1,40,161759,7.29222,10.5378,32.769,1.8328,577.823,0.0382351,0.0268171,1638388,1704903
TNG50-1,40,106423,7.19242,15.5625,27.7415,5.792,455.421,0.0313537,0.0225867,1625820,2458416
TNG50-1,40,112196,6.17128,19.9365,132.301,4.3377,419.55,0.0285805,0.0255815,1324810,3217222
TNG50-1,40,62919,5.60372,2.39988,21.7726,3.5882,416.893,0.0332509,0.0388081,1251979,353904
TNG50-1,40,181327,4.96138,8.66004,27.519,6.4233,379.91,0.0267985,0.0304071,1117190,1354721
TNG50-1,40,206049,4.91579,6.45343,18.1394,2.8967,381.355,0.0350991,0.0252522,1126932,1029843
TNG50-1,40,184627,4.07249,9.93502,60.3583,1.4805,458.508,0.0371033,0.0152259,920902,1622076
TNG50-1,40,179009,3.94361,9.84656,47.0212,4.883,297.506,0.025111,0.0246289,880234,1568183
TNG50-1,40,185253,3.88613,7.97812,14.1795,3.8825,308.664,0.0298896,0.0460877,869321,1272046
TNG50-1,40,176051,3.79991,11.7891,39.1551,2.2281,407.63,0.0312523,0.0249145,848814,1874526
TNG50-1,40,233856,3.68851,4.03992,36.9283,1.4579,453.768,0.0371153,0.0221324,840736,662331
TNG50-1,40,181911,3.19186,8.27832,19.9152,2.0578,382.85,0.030957,0.0306709,713781,1326356
TNG50-1,40,118372,3.14858,16.5418,26.0577,1.6058,426.939,0.0318547,0.0354437,699458,2640572
TNG50-1,40,165812,2.76791,7.47369,21.8193,1.2379,394.855,0.0329902,0.0266182,617392,1186059
TNG50-1,40,255629,2.45108,2.99684,4.96275,0.8462,431.469,0.0342064,0.0213664,571053,457920
TNG50-1,40,208267,2.32929,9.15263,19.4118,8.4569,244.802,0.0213403,0.0140032,525875,1447373
TNG50-1,40,226914,2.23849,7.07922,11.2616,1.109,388.74,0.0324638,0.0486405,501814,1116204
TNG50-1,40,66108,2.22835,2.62039,11.1671,1.9305,309.405,0.0313446,0.0353628,502270,404219
TNG50-1,40,225905,2.17344,7.31867,20.1833,6.0683,228.562,0.0204786,0.0275159,480284,1151077
TNG50-1,40,185871,2.15664,10.7879,33.4513,3.1595,267.124,0.0256499,0.0199036,483250,1725974
TNG50-1,50,106001,26.9404,57.9997,106.886,9.8341,600.373,0.0317654,0.0309167,6243479,9406778
TNG50-1,50,144904,26.3426,22.1236,30.7058,9.3618,612.208,0.0335827,0.0382519,6283707,3605060
TNG50-1,50,141965,22.3528,32.5662,17.5802,8.1442,511.69,0.0318744,0.0141121,5320033,5349128
TNG50-1,50,167854,17.5573,19.4861,40.7878,6.7341,547.81,0.032149,0.0259247,4022657,3126105
TNG50-1,50,178021,13.9866,26.2904,48.6583,8.3473,487.974,0.030077,0.0254488,3237588,4208294
TNG50-1,50,209967,12.4077,7.49255,9.19649,4.3965,454.184,0.0304253,0.0314134,2922735,1193060
TNG50-1,50,160370,12.2878,14.7285,11.2047,10.4269,438.125,0.0306451,0.0239986,2847133,2325329
TNG50-1,50,148668,11.0906,32.1531,50.1727,8.5762,387.695,0.0263198,0.0306036,2569997,5201581
TNG50-1,50,188936,10.3926,18.9441,43.1068,5.0828,467.273,0.0331067,0.0207147,2427525,3020911
TNG50-1,50,207683,8.00571,12.3673,23.3622,2.7868,519.573,0.0333955,0.0218093,1880684,1969813
TNG50-1,50,110863,7.86914,6.66629,29.1383,2.7336,534.205,0.0331917,0.0283766,1835684,1006477
TNG50-1,50,208603,7.78412,13.8833,47.5655,3.0943,421.556,0.0300047,0.0192956,1814198,2204709
TNG50-1,50,240875,6.85643,9.75205,17.5421,2.7467,485.061,0.03541,0.027682,1620607,1514877
TNG50-1,50,224620,6.61451,14.9863,34.6965,3.9715,402.622,0.030828,0.0365187,1505321,2460056
TNG50-1,50,25241,6.38026,5.07474,16.8022,2.4868,413.199,0.0330862,0.0179253,1499883,744569
TNG50-1,50,200752,5.76783,11.9223,22.3832,5.246,335.649,0.0277132,0.0283649,1336105,1922052
TNG50-1,50,87126,5.61019,8.28782,24.5001,1.5745,476.183,0.0389372,0.019184,1309952,1286766
TNG50-1,50,206386,5.17805,14.7521,12.4789,4.0649,329.198,0.0318966,0.0156506,1217203,2341105
TNG50-1,50,106002,5.01459,8.07213,22.5659,5.5286,344.931,0.0300299,0.0229604,1166862,1235400
TNG50-1,50,130256,4.69669,2.83175,14.5767,2.4535,372.817,0.0346313,0.0457742,1055411,417179
TNG50-1,50,216435,4.44971,18.9398,16.7711,9.2471,275.123,0.0236381,0.0238913,1026642,3012392
TNG50-1,50,256471,4.25024,10.7022,17.2199,0.999,484.356,0.0379195,0.0296434,975517,1753385
TNG50-1,50,287560,4.07683,5.5808,7.15742,0.8315,480.51,0.0370985,0.0110298,969460,858614
TNG50-1,50,311047,3.85668,4.04772,6.81676,3.1488,318.332,0.0285554,0.0223974,914116,621468
TNG50-1,50,298213,3.83852,6.60895,14.9844,7.0374,254.361,0.0235912,0.0247278,888228,1046730
TNG50-1,50,70417,3.48882,1.2465,4.83108,1.7096,382.966,0.0344981,0.0249685,822396,188761
TNG50-1,50,278201,3.15867,9.56429,15.7916,3.7561,311.759,0.0255565,0.028761,725740,1547532
TNG50-1,59,155054,22.427,43.5441,9.17494,9.6676,562.262,0.0347378,0.0243224,5322406,7134914
TNG50-1,59,169307,21.1558,37.9784,25.8584,3.3756,677.063,0.0352546,0.020725,5217593,6187869
TNG50-1,59,172231,16.191,33.9395,39.285,6.7104,415.541,0.0274921,0.0225589,3903256,5514824
TNG50-1,59,215210,16.0045,17.5941,15.9772,6.6221,498.92,0.0304144,0.0407944,3847753,2837883
TNG50-1,59,248500,13.286,8.13102,1.49106,4.3959,481.21,0.0313207,0.0198966,3261131,1316108
TNG50-1,59,175517,13.1468,26.0,8.93824,4.0459,462.141,0.0311293,0.0174008,3189609,4286184
TNG50-1,59,242629,10.4842,16.4567,13.4995,3.5226,529.425,0.0348747,0.0321984,2528945,2623026
TNG50-1,59,217467,9.08364,24.1893,120.688,4.4,370.174,0.0274079,0.027386,2075496,3896379
TNG50-1,59,316484,7.77296,7.59733,16.9812,5.0005,371.705,0.0273777,0.0350314,1851853,1176916
TNG50-1,59,256985,7.17331,18.5757,13.8769,3.2657,428.367,0.0343304,0.0146676,1708874,2962291
TNG50-1,59,327010,6.6951,3.48137,0.0161286,3.2873,375.627,0.030171,0.0164366,1646829,548313
TNG50-1,59,337952,6.05139,5.15259,15.5192,4.3598,304.98,0.0288076,0.029959,1441306,803935
TNG50-1,59,325445,5.7134,8.13896,10.8803,4.7164,354.776,0.0325548,0.017459,1358244,1294329
TNG50-1,59,277306,5.28244,8.18069,19.7505,4.9775,305.107,0.0260953,0.0290393,1237668,1282665
TNG50-1,59,319156,5.19001,9.65957,5.48244,3.0705,399.801,0.0341036,0.0152039,1233694,1554383
TNG50-1,59,315620,5.11922,3.78291,1.23738,2.8486,373.721,0.0301342,0.0353891,1254916,605271
TNG50-1,59,314230,4.93659,10.4157,16.0931,2.7579,344.958,0.0336812,0.0143395,1183660,1660949
TNG50-1,59,225436,4.90128,6.28938,16.2163,6.0321,262.942,0.0251141,0.0286665,1148570,991794
TNG50-1,59,358875,4.69255,6.80907,13.767,7.0659,248.638,0.024748,0.0344113,1094101,1066732
TNG50-1,59,313477,4.64455,7.55506,9.41843,8.6078,262.703,0.0240357,0.0290297,1114686,1172551
TNG50-1,59,346534,3.84097,8.94681,21.6137,6.0155,249.537,0.0241913,0.0243678,887778,1432725
TNG50-1,67,166602,42.3604,79.2814,14.6043,14.0481,578.963,0.0334218,0.0173729,10350919,12960159
TNG50-1,67,153308,9.6832,12.7879,0.0794708,1.5694,526.731,0.0359841,0.0280651,2416573,2057441
TNG50-1,67,331991,9.2295,8.51966,17.1469,6.2249,344.311,0.0284835,0.0337094,2204041,1351930
TNG50-1,67,276421,8.53199,9.43326,7.06084,4.3084,433.733,0.0331833,0.033689,2087605,1505063
TNG50-1,67,222323,8.30597,5.89161,8.26087,5.5375,359.173,0.0269026,0.0422763,2016807,910638
TNG50-1,67,342970,8.30242,5.07409,7.09365,5.53,315.051,0.0286363,0.0432382,2013783,816961
TNG50-1,67,361368,6.70511,5.66662,8.75465,6.4341,318.522,0.0250001,0.0333489,1617623,883702
TNG50-1,67,304703,6.67814,15.0508,24.8795,6.7551,289.048,0.0231473,0.0287706,1557493,2405817
TNG50-1,67,339337,6.44404,7.21775,2.7785,4.4098,338.738,0.0290412,0.0164971,1579118,1140413
TNG50-1,67,211992,6.31074,3.34726,15.2607,4.9814,313.681,0.0273408,0.0220991,1496741,515252
TNG50-1,67,348804,6.04464,3.24585,1.65224,2.6498,358.742,0.0314382,0.021518,1508713,517279
TNG50-1,67,346643,5.96827,8.7447,15.317,3.3245,318.182,0.0294731,0.0249056,1439137,1385314
TNG50-1,67,293091,5.70605,10.122,6.00577,1.5295,429.367,0.0353522,0.0115637,1415775,1609864
TNG50-1,67,280993,5.59254,17.8732,27.1205,9.9732,258.981,0.0214933,0.0201757,1305280,2852521
TNG50-1,67,344859,5.27902,6.08664,0.412172,2.8922,361.532,0.0294731,0.0235721,1312180,979276
TNG50-1,67,218607,4.5523,0.990027,3.7241,5.3026,266.905,0.0249912,0.0366741,1112661,146862
